name,marker-color,marker-size,marker-symbol,id,featuretype,notes,geology,lon,lat
Kingston Russell stone circle,,,,1,Stone circle,,Sarsen,-2.59915,50.6885
Kingston Russell stone circle,,,,2,Stone circle,,Sarsen,-2.59914,50.68846
Kingston Russell stone circle,,,,3,Stone circle,,Sarsen,-2.59909,50.68845
Kingston Russell stone circle,,,,4,Stone circle,,Sarsen,-2.59904,50.68841
Kingston Russell stone circle,,,,5,Stone circle,,Sarsen,-2.599,50.68841
Kingston Russell stone circle,,,,6,Stone circle,,Sarsen,-2.59893,50.68842
Kingston Russell stone circle,,,,7,Stone circle,,Sarsen,-2.59888,50.68843
Kingston Russell stone circle,,,,8,Stone circle,,Sarsen,-2.59883,50.68844
Kingston Russell stone circle,,,,9,Stone circle,,Sarsen,-2.59878,50.68848
Kingston Russell stone circle,,,,10,Stone circle,,Sarsen,-2.5988,50.68849
Kingston Russell stone circle,,,,11,Stone circle,,Sarsen,-2.59876,50.68851
Kingston Russell stone circle,,,,12,Stone circle,,Sarsen,-2.5988,50.68854
Kingston Russell stone circle,,,,13,Stone circle,,Sarsen,-2.5988,50.68858
Kingston Russell stone circle,,,,14,Stone circle,,Sarsen,-2.59881,50.68862
Kingston Russell stone circle,,,,15,Stone circle,,Sarsen,-2.59889,50.68865
Kingston Russell stone circle,,,,16,Stone circle,,Sarsen,-2.599,50.68865
Kingston Russell stone circle,,,,17,Stone circle,,Sarsen,-2.59911,50.6886
Tenants Hill,,,,18,Stone,,Sarsen,-2.59872,50.68805
Tenants Hill,,,,19,Stone,,Sarsen,-2.59867,50.68802
Tenants Hill,,,,20,Stone,,Sarsen,-2.59834,50.68792
Punknowle,,,,21,Stone,,Unknown,-2.65358,50.69673
The Grey Mare and Her Colts,,,,22,Cromlech,Chambered Long Barrow,Sarsen,-2.59022,50.68175
The Grey Mare and Her Colts,,,,23,Cromlech,Chambered Long Barrow,Sarsen,-2.59024,50.68171
The Grey Mare and Her Colts,,,,24,Cromlech,Chambered Long Barrow,Sarsen,-2.59028,50.68172
The Grey Mare and Her Colts,,,,25,Cromlech,Chambered Long Barrow,Sarsen,-2.59027,50.68168
The Grey Mare and Her Colts,,,,26,Cromlech,Chambered Long Barrow,Sarsen,-2.59031,50.68171
Gorwell Entrance,,,,27,Stone,,Sarsen,-2.58398,50.67886
Portesham,,,,28,Stone,Sarsen 1,Sarsen,-2.5646263,50.6698304
Portesham,,,,29,Stone,Sarsen 2,Sarsen,-2.564656,50.669876
Portesham,,,,30,Stone,Sarsen 3,Sarsen,-2.56467,50.66989
Portesham,,,,31,Stone,Sarsen 4,Sarsen,-2.564375,50.66997
Portesham,,,,32,Stone,Sarsen 5,Sarsen,-2.564381,50.669967
Portesham,,,,33,Stone,Sarsen 6,Sarsen,-2.564155,50.670103
Portesham,,,,34,Stone,Sarsen 7,Sarsen,-2.564141,50.670101
Portesham,,,,35,Stone,"3 Sarsen Stones 8, 9, 10",Sarsen,-2.564086,50.670152
Portesham,,,,36,Stone,Sarsen 11,Sarsen,-2.5640219,50.6702882
Portesham,,,,37,Stone,Sarsen 12 School Yard,Sarsen,-2.5639197,50.6702679
Portesham,,,,38,Stone,Sarsen 13 Massive,Sarsen,-2.5638517,50.6702908
Portesham,,,,39,Stone,Sarsen 14,Sarsen,-2.56363,50.670445
Portesham,,,,40,Stone,"3 Sarsens 15, 16, 17",Sarsen,-2.563558,50.67066
Portesham,,,,41,Stone,Sarsen 18 Massive,Sarsen,-2.563439,50.670942
Portesham,,,,42,Stone,"3 Sarsens 19, 20, 21",Sarsen,-2.563497,50.670855
Portesham,,,,43,Stone,Sarsen as bridge 22,Sarsen,-2.563511,50.670826
Portesham,,,,44,Stone,Small bridge 23,Sarsen,-2.563549,50.670681
Portesham,,,,45,Stone,Sarsen 24 grave stone of J Galpin 1681,Sarsen,-2.563666,50.670583
Portesham,,,,46,Stone,Sarsen 25,Sarsen,-2.563438,50.671007
Portesham,,,,47,Stone,2 Sarsens 26 27,Sarsen,-2.563353,50.671171
Portesham,,,,48,Stone,5 Sarsens 28 29 30 31 32,Sarsen,-2.563231,50.67144
Portesham,,,,49,Stone,Corner sarsen 33,Sarsen,-2.563286,50.671997
Portesham,,,,50,Stone,Sarsen 34,Sarsen,-2.563224,50.672437
Portesham,,,,51,Stone,"2 Sarsens 35, 36",Sarsen,-2.562604,50.67275
Portesham,,,,52,Stone,Sarsen 37,Sarsen,-2.562372,50.672881
Portesham,,,,53,Stone,Sarsen 38,Sarsen,-2.562177,50.672981
Portesham,,,,54,Stone,Sarsen 39,Sarsen,-2.562931,50.672574
Portesham,,,,55,Stone,Sarsen 40,Sarsen,-2.562984,50.672541
Portesham,,,,56,Stone,Sarsen 41,Sarsen,-2.563046,50.672222
Portesham,,,,57,Stone,Sarsen 42,Sarsen,-2.563002,50.671994
Portesham,,,,58,Stone,Sarsen 43,Sarsen,-2.563093,50.671406
Portesham,,,,59,Stone,Sarsen 44,Sarsen,-2.563119,50.671284
Portesham,,,,60,Stone,Sarsen 45,Sarsen,-2.5631397,50.6710965
Portesham,,,,61,Stone,Sarsen 46,Sarsen,-2.5631663,50.6710612
Portesham,,,,62,Stone,Sarsen 47,Sarsen,-2.563238,50.6710758
Portesham,,,,63,Stone,Sarsen 48,Sarsen,-2.5632487,50.6710676
Portesham Hill,,,,64,Stone,,Sarsen,-2.56059,50.67623
Portesham Hill,,,,65,Stone,,Sarsen,-2.56,50.67619
Portesham Hill,,,,66,Stone,,Sarsen,-2.55991,50.67622
Portesham Hill,,,,67,Stone,,Sarsen,-2.56003,50.67638
Portesham Hill,,,,68,Stone,,Sarsen,-2.56017,50.67646
Portesham Hill,,,,69,Stone,,Sarsen,-2.56024,50.67658
Portesham Hill,,,,70,Stone,,Sarsen,-2.55945,50.67672
Portesham Hill,,,,71,Stone,,Sarsen,-2.55902,50.67678
Portesham Hill,,,,72,Stone,,Sarsen,-2.55989,50.67697
Portesham Hill,,,,73,Stone,,Sarsen,-2.55982,50.67698
Portesham Hill,,,,74,Stone,,Sarsen,-2.55911,50.67698
Portesham Hill,,,,75,Stone,,Sarsen,-2.55921,50.67704
Portesham Hill,,,,76,Stone,,Sarsen,-2.5593,50.67721
Portesham Hill,,,,77,Stone,,Sarsen,-2.55952,50.67721
Portesham Hill,,,,78,Stone,,Sarsen,-2.55953,50.67718
Portesham Hill,,,,79,Stone,,Sarsen,-2.56073,50.67709
Portesham Hill,,,,80,Stone,,Sarsen,-2.55998,50.67747
Portesham Hill,,,,81,Stone,,Sarsen,-2.55984,50.67755
Portesham Hill,,,,82,Stone,,Sarsen,-2.55977,50.67771
Portesham Hill,,,,83,Stone,,Sarsen,-2.55951,50.67778
Portesham Hill,,,,84,Stone,,Sarsen,-2.55952,50.67786
Portesham Hill,,,,85,Stone,,Sarsen,-2.55943,50.67789
Portesham Hill,,,,86,Stone,,Sarsen,-2.5596,50.67791
Portesham Hill,,,,87,Stone,,Sarsen,-2.55968,50.67787
Portesham Hill,,,,88,Stone,,Sarsen,-2.5595,50.678
Portesham Hill,,,,89,Stone,,Sarsen,-2.55956,50.67802
Portesham Hill,,,,90,Stone,,Sarsen,-2.55961,50.67803
Portesham Hill,,,,91,Stone,,Sarsen,-2.55922,50.67836
Portesham Hill,,,,92,Stone,,Sarsen,-2.55874,50.67829
Portesham Hill,,,,93,Stone,,Sarsen,-2.55864,50.67825
Portesham Hill,,,,94,Stone,,Sarsen,-2.55856,50.67823
Portesham Hill,,,,95,Stone,,Sarsen,-2.55859,50.67684
Portesham Hill,,,,96,Stone,,Sarsen,-2.55837,50.6771
Portesham Hill,,,,97,Stone,,Sarsen,-2.55823,50.67759
Portesham Hill,,,,98,Stone,,Sarsen,-2.55834,50.6776
Portesham Hill,,,,99,Stone,,Sarsen,-2.55848,50.67758
Portesham Hill,,,,100,Stone,,Sarsen,-2.55852,50.67759
Portesham Hill,,,,101,Stone,,Sarsen,-2.55857,50.6776
Portesham Hill,,,,102,Stone,,Sarsen,-2.55871,50.67767
Portesham Hill,,,,103,Stone,,Sarsen,-2.55883,50.67767
Portesham Hill,,,,104,Stone,,Sarsen,-2.55881,50.67771
Portesham Hill,,,,105,Stone,,Sarsen,-2.55894,50.67772
Portesham Hill,,,,106,Stone,,Sarsen,-2.5607,50.67789
Portesham Hill,,,,107,Stone,,Sarsen,-2.5586,50.67789
Portesham Hill,,,,108,Stone,,Sarsen,-2.55806,50.67787
Standing Stones (site of),,,,109,Standing Stones,,Sarsen,-2.55759,50.68134
Black Down Barn,,,,110,Stone,,Sarsen,-2.55521,50.68064
Black Down,,,,111,Stone,,Sarsen,-2.55524,50.68053
Portesham Hill,,,,112,Stone,,Sarsen,-2.55667,50.67938
Hell Stone,,,,113,Cromlech,Chambered Long Barrow,Sarsen,-2.55918,50.67861
Black Down,,,,114,Stone,,Sarsen,-2.54899,50.68661
Black Down,,,,115,Stone,,Sarsen,-2.54926,50.68661
Black Down,,,,116,Stone,,Sarsen,-2.54952,50.68662
Black Down,,,,117,Stone,,Sarsen,-2.54957,50.68681
Black Down,,,,118,Stone,,Sarsen,-2.54893,50.68684
Black Down,,,,119,Stone,,Sarsen,-2.54966,50.68713
Black Down,,,,120,Stone,,Sarsen,-2.54883,50.68717
Valley of Stones,,,,121,Stone,,Sarsen,-2.57637,50.68245
Valley of Stones,,,,122,Stone,,Sarsen,-2.57648,50.68303
Valley of Stones,,,,123,Stone,,Sarsen,-2.57653,50.68312
Valley of Stones,,,,124,Stone,,Sarsen,-2.57661,50.68314
Valley of Stones,,,,125,Stone,,Sarsen,-2.57614,50.68343
Valley of Stones,,,,126,Valley of Stones,,Sarsen,-2.57585,50.68409
Valley of Stones,,,,127,Stone,,Sarsen,-2.57606,50.68394
Valley of Stones,,,,128,Stone,,Sarsen,-2.57621,50.68382
Valley of Stones,,,,129,Stone,,Sarsen,-2.57635,50.68373
Little Mayne,,,,130,Stone,,Sarsen,-2.39268,50.68213
Little Mayne,,,,131,Stone,,Sarsen,-2.3924,50.68243
Little Mayne,,,,132,Stone,,Sarsen,-2.39251,50.68245
Little Mayne,,,,133,Stone,,Sarsen,-2.39272,50.6825
Little Mayne,,,,134,Stone,,Sarsen,-2.39325,50.68238
Little Mayne,,,,135,Stone,,Sarsen,-2.39337,50.68247
Little Mayne,,,,136,Stone,,Sarsen,-2.39307,50.68257
Little Mayne,,,,137,Stone,,Sarsen,-2.3937,50.68252
Little Mayne,,,,138,Stone,,Sarsen,-2.3937,50.6826
Little Mayne,,,,139,Stone,,Sarsen,-2.39346,50.68276
Little Mayne,,,,140,Stone,,Sarsen,-2.39344,50.68279
Little Mayne,,,,141,Stone,,Sarsen,-2.39349,50.68277
Little Mayne,,,,142,Stone,,Sarsen,-2.39351,50.68279
Little Mayne,,,,143,Stone,,Sarsen,-2.39355,50.68278
Poxwell,,,,144,Stone,,Sarsen,-2.3616,50.65146
Poxwell Stone Circle,,,,145,Stone circle,Curbed cairn,Sarsen,-2.36193,50.65135
Poxwell Stone Circle,,,,146,Stone circle,Curbed cairn,Sarsen,-2.36187,50.65135
Poxwell Stone Circle,,,,147,Stone circle,Curbed cairn,Sarsen,-2.36185,50.65133
Poxwell Stone Circle,,,,148,Stone circle,Curbed cairn,Sarsen,-2.36189,50.65131
Poxwell Stone Circle,,,,149,Stone circle,Curbed cairn,Sarsen,-2.36193,50.65132
Poxwell,,,,150,Stone,,Sarsen,-2.36205,50.65131
Poxwell,,,,151,Stone,,Sarsen,-2.36203,50.65128
Poxwell,,,,152,Stone,,Sarsen,-2.36209,50.6513
,,,,153,Stone,,Sarsen,-2.35759,50.65404
,,,,154,Stone,,Sarsen,-2.35755,50.65404
,,,,155,Stone,,Sarsen,-2.35755,50.65401
,,,,156,Stone,,Sarsen,-2.35758,50.65398
Agglestome,,,,157,Outcrop,,Heathstone,-1.96792,50.64512
Puckstone,,,,158,Outcrop,,Heathstone,-1.97077,50.64773
,,,,159,Stone,,Heathstone,-1.99437,50.64781
,,,,160,Stone,,Heathstone,-1.99359,50.64973
,,,,161,Stone,,Heathstone,-1.99495,50.64517
,,,,162,Stone,,Heathstone,-1.99106,50.65793
,,,,163,Stone,,Heathstone,-1.99157,50.65268
,,,,164,Stone,,Heathstone,-1.9906,50.6626
,,,,165,Stone,,Heathstone,-1.99055,50.66278
,,,,166,Stone,,Heathstone,-1.98914,50.66408
Rempstone Stone Circle,,,,167,Stone circle,,Heathstone,-2.00879,50.63836
Rempstone Stone Circle,,,,168,Stone circle,,Heathstone,-2.00873,50.63841
Rempstone Stone Circle,,,,169,Stone circle,,Heathstone,-2.00872,50.63846
Rempstone Stone Circle,,,,170,Stone circle,,Heathstone,-2.00878,50.63852
Rempstone Stone Circle,,,,171,Stone circle,,Heathstone,-2.00889,50.63854
Rempstone Stone Circle,,,,172,Stone circle,,Heathstone,-2.00903,50.63852
Hore Stone,,,,173,Stone,,Sarsen,-2.68589,50.82812
Devil's Chair,,,,174,Boulder,Chambered Kong Barrow,Sarsen,-2.69224,50.84126
Devil's Chair,,,,175,Boulder,Chambered Long Barrow,Sarsen,-2.69187,50.84161
Devil's Chair,,,,176,Boulder,Chambered Long Barrow,Sarsen,-2.69188,50.84165
Devil's Chair,,,,177,Boulder,Chambered Long Barrow,Sarsen,-2.69197,50.84165
,,,,178,Stone,,Heathstone,-2.08861,50.67491
,,,,179,Stone,,Heathstone,-2.08549,50.66338
,,,,180,Stone,,Heathstone,-2.08419,50.6638
,,,,181,Stone,,Heathstone,-2.08021,50.66485
,,,,182,Stone,,Heathstone,-2.07526,50.66595
,,,,183,Stone,,Heathstone,-2.05491,50.67038
Winterborne Abbas,,,,184,Stone,,Sarsen,-2.53755,50.71131
Nine Stones,,,,185,Stone circle,,Sarsen,-2.55265,50.71221
Nine Stones,,,,186,Stone circle,,Sarsen,-2.55267,50.71219
Nine Stones,,,,187,Stone circle,,Sarsen,-2.55265,50.71217
Nine Stones,,,,188,Stone circle,,Sarsen,-2.55263,50.71215
Nine Stones,,,,189,Stone circle,,Sarsen,-2.55257,50.71215
Nine Stones,,,,190,Stone circle,,Sarsen,-2.55256,50.71218
Nine Stones,,,,191,Stone circle,,Sarsen,-2.55259,50.71222
Nine Stones,,,,192,Stone circle,,Sarsen,-2.55254,50.7122
Nine Stones,,,,193,Stone circle,,Sarsen,-2.55257,50.71221
The Broad Stone,,,,194,Stone,,Sarsen,-2.57456,50.71184
,,,,195,Stone,,Sarsen,-2.59636,50.71243
,,,,196,Stone,,Sarsen,-2.62851,50.72308
,,,,197,Stone,,Sarsen,-2.6299,50.72409
,,,,198,Stone,,Sarsen,-2.62913,50.7238
,,,,199,Stone,,Sarsen,-2.62926,50.72353
,,,,200,Stone,,Sarsen,-2.62921,50.72352
,,,,201,Stone,,Sarsen,-2.62906,50.72353
,,,,202,Monolith,,Sarsen,-2.60693,50.72144
,,,,203,Stone,,Sarsen,-2.59255,50.71045
,,,,204,Stone,,Sarsen,-2.638,50.83313
Max Gate,,,,205,Stone,,Sarsen,-2.42008,50.70771
Scar Cementstone,,,,206,Stone,Outcrop and landslip,Portland Sand,-2.55728,50.67063
Scar Cementstone,,,,207,Stone,Outcrop and landslip,Portland Sand,-2.55731,50.67072
Scar Cementstone,,,,208,Stone,Outcrop and landslip,Portland Sand,-2.55737,50.67077
Scar Cementstone,,,,209,Stone,Outcrop and landslip,Portland Sand,-2.55752,50.67075
Scar Cementstone,,,,210,Stone,Outcrop and landslip,Portland Sand,-2.55746,50.67086
Scar Cementstone,,,,211,Stone,Outcrop and landslip,Portland Sand,-2.55766,50.67087
Scar Cementstone,,,,212,Stone,Outcrop and landslip,Portland Sand,-2.55773,50.67096
Scar Cementstone,,,,213,Stone,Outcrop and landslip,Portland Sand,-2.5581,50.67125
Scar Cementstone,,,,214,Stone,Outcrop and landslip,Portland Sand,-2.558,50.67131
Scar Cementstone,,,,215,Stone,Outcrop and landslip,Portland Sand,-2.55805,50.67134
Scar Cementstone,,,,216,Stone,Outcrop and landslip,Portland Sand,-2.55836,50.67163
Scar Cementstone,,,,217,Stone,Outcrop and landslip,Portland Sand,-2.55836,50.67168
Scar Cementstone,,,,218,Stone,Outcrop and landslip,Portland Sand,-2.55859,50.67165
Scar Cementstone,,,,219,Stone,Outcrop and landslip,Portland Sand,-2.55838,50.67179
Scar Cementstone,,,,220,Stone,Outcrop and landslip,Portland Sand,-2.55854,50.67177
Scar Cementstone,,,,221,Stone,Outcrop and landslip,Portland Sand,-2.55858,50.67176
Scar Cementstone,,,,222,Stone,Outcrop and landslip,Portland Sand,-2.55864,50.67183
Rocket Quarry,,,,223,Stone,,Sarsen,-2.55528,50.67262
Rocket Quarry,,,,224,Stone,,Sarsen,-2.55515,50.67282
Rocket Quarry,,,,225,Stone,,Sarsen,-2.55512,50.67288
Rocket Quarry,,,,226,Stone,,Sarsen,-2.55519,50.67297
Portesham Hill,,,,227,Stone,,Sarsen,-2.5608,50.67297
Limekiln Crags,,,,228,Stone,,Upper Greensand,-2.58346,50.66919
Limekiln Crags,,,,229,Stone,,Upper Greensand,-2.58271,50.66993
Limekiln Crags,,,,230,Stone,,Upper Greensand,-2.58392,50.66972
Limekiln Crags,,,,231,Stone,,Upper Greensand,-2.58054,50.6699
Limekiln Crags,,,,232,Stone,,Upper Greensand,-2.5795,50.6701
Limekiln Crags,,,,233,Stone,,Upper Greensand,-2.57981,50.67028
Limekiln Crags,,,,234,Stone,,Upper Greensand,-2.5804,50.67005
Limekiln Crags,,,,235,Stone,,Upper Greensand,-2.58051,50.67002
Limekiln Crags,,,,236,Stone,,Upper Greensand,-2.58046,50.66996
Limekiln Crags,,,,237,Stone,,Upper Greensand,-2.58059,50.66996
Limekiln Crags,,,,238,Stone,,Upper Greensand,-2.58084,50.67018
Limekiln Crags,,,,239,Stone,,Upper Greensand,-2.58035,50.67041
Limekiln Crags,,,,240,Stone,,Upper Greensand,-2.58074,50.67036
Limekiln Crags,,,,241,Stone,,Upper Greensand,-2.58088,50.67021
Limekiln Crags,,,,242,Stone,,Upper Greensand,-2.58148,50.67033
Limekiln Crags,,,,243,Stone,,Upper Greensand,-2.58164,50.67035
Limekiln Crags,,,,244,Stone,,Upper Greensand,-2.58176,50.67047
Limekiln Crags,,,,245,Stone,,Upper Greensand,-2.58143,50.67053
Limekiln Crags,,,,246,Stone,,Upper Greensand,-2.58107,50.67061
Limekiln Crags,,,,247,Stone,,Upper Greensand,-2.58167,50.67083
Limekiln Crags,,,,248,Stone,,Upper Greensand,-2.5791,50.67116
Limekiln Crags,,,,249,Stone,,Upper Greensand,-2.58074,50.67098
Limekiln Crags,,,,250,Stone,,Upper Greensand,-2.58091,50.67106
Limekiln Crags,,,,251,Stone,,Upper Greensand,-2.58231,50.67101
Eggardon Hill,,,,252,Stone,,Upper Greensand,-2.65931,50.74971
Eggardon Hill,,,,253,Stone,,Upper Greensand,-2.65929,50.74978
Eggardon Hill,,,,254,Stone,,Upper Greensand,-2.65946,50.74974
Eggardon Hill,,,,255,Stone,,Upper Greensand,-2.65949,50.74966
Eggardon Hill,,,,256,Stone,,Upper Greensand,-2.65957,50.74986
Eggardon Hill,,,,257,Stone,,Upper Greensand,-2.65956,50.74994
Eggardon Hill,,,,258,Stone,,Upper Greensand,-2.66019,50.75006
Eggardon Hill,,,,259,Stone,,Upper Greensand,-2.66,50.75016
Eggardon Hill,,,,260,Stone,,Upper Greensand,-2.6601,50.75021
Eggardon Hill,,,,261,Stone,,Upper Greensand,-2.65611,50.75108
Eggardon Hill,,,,262,Stone,,Upper Greensand,-2.65604,50.75109
Eggardon Hill,,,,263,Stone,,Upper Greensand,-2.65588,50.75117
Eggardon Hill,,,,264,Stone,,Upper Greensand,-2.65603,50.75116
Eggardon Hill,,,,265,Stone,,Upper Greensand,-2.65611,50.75115
Eggardon Hill,,,,266,Stone,,Upper Greensand,-2.65622,50.75135
Eggardon Hill,,,,267,Stone,,Upper Greensand,-2.65617,50.75116
Eggardon Hill,,,,268,Stone,,Upper Greensand,-2.65622,50.75116
Eggardon Hill,,,,269,Stone,,Upper Greensand,-2.65624,50.75123
Eggardon Hill,,,,270,Stone,,Upper Greensand,-2.65624,50.75127
Eggardon Hill,,,,271,Stone,,Upper Greensand,-2.66148,50.75203
Eggardon Hill,,,,272,Stone,,Upper Greensand,-2.6615,50.75229
Eggardon Hill,,,,273,Stone,,Upper Greensand,-2.66166,50.7523
Eggardon Hill,,,,274,Stone,,Upper Greensand,-2.65842,50.75303
Eggardon Hill,,,,275,Stone,,Upper Greensand,-2.65855,50.75305
Eggardon Hill,,,,276,Stone,,Upper Greensand,-2.65859,50.7531
Eggardon Hill,,,,277,Stone,,Upper Greensand,-2.66056,50.75336
Eggardon Hill,,,,278,Stone,,Upper Greensand,-2.66075,50.7534
Eggardon Hill,,,,279,Stone,,Upper Greensand,-2.66076,50.75345
Eggardon Hill,,,,280,Stone,,Upper Greensand,-2.66105,50.75346
Eggardon Hill,,,,281,Stone,,Upper Greensand,-2.66123,50.75345
Eggardon Hill,,,,282,Stone,,Upper Greensand,-2.66117,50.75339
Eggardon Hill,,,,283,Stone,,Upper Greensand,-2.66125,50.75341
Eggardon Hill,,,,284,Stone,,Upper Greensand,-2.66137,50.75342
Eggardon Hill,,,,285,Stone,,Upper Greensand,-2.66129,50.7536
Eggardon Hill,,,,286,Stone,,Sarsen,-2.66139,50.75359
Eggardon Hill,,,,287,Stone,,Upper Greensand,-2.66149,50.75336
Eggardon Hill,,,,288,Stone,,Upper Greensand,-2.66154,50.7533
Eggardon Hill,,,,289,Stone,Outcrop,Upper Greensand,-2.66079,50.75389
Eggardon Hill,,,,290,Stone,,Upper Greensand,-2.66293,50.75365
Eggardon Hill,,,,291,Stone,,Upper Greensand,-2.66284,50.75369
Eggardon Hill,,,,292,Stone,,Upper Greensand,-2.66276,50.75372
Eggardon Hill,,,,293,Stone,,Upper Greensand,-2.66171,50.75404
Eggardon Hill,,,,294,Stone,,Upper Greensand,-2.66181,50.75401
Eggardon Hill,,,,295,Stone,,Upper Greensand,-2.66196,50.75397
Eggardon Hill,,,,296,Stone,,Upper Greensand,-2.66241,50.75393
Eggardon Hill,,,,297,Stone,,Upper Greensand,-2.6623,50.75398
Eggardon Hill,,,,298,Stone,,Upper Greensand,-2.66223,50.75402
Eggardon Hill,,,,299,Stone,,Upper Greensand,-2.66221,50.75411
Eggardon Hill,,,,300,Stone,,Upper Greensand,-2.66219,50.75417
Eggardon Hill,,,,301,Stone,,Upper Greensand,-2.66195,50.7542
Eggardon Hill,,,,302,Stone,,Upper Greensand,-2.66186,50.75417
Eggardon Hill,,,,303,Stone,,Upper Greensand,-2.6618,50.75423
Eggardon Hill,,,,304,Stone,,Upper Greensand,-2.66211,50.75431
Eggardon Hill,,,,305,Stone,,Upper Greensand,-2.6622,50.75431
Eggardon Hill,,,,306,Stone,,Upper Greensand,-2.6623,50.75431
Eggardon Hill,,,,307,Stone,,Upper Greensand,-2.66234,50.75426
Eggardon Hill,,,,308,Stone,,Upper Greensand,-2.6624,50.75428
Eggardon Hill,,,,309,Stone,,Upper Greensand,-2.66243,50.75422
Eggardon Hill,,,,310,Stone,,Upper Greensand,-2.66249,50.75418
Eggardon Hill,,,,311,Stone,,Upper Greensand,-2.66229,50.7544
Eggardon Hill,,,,312,Stone,,Upper Greensand,-2.66214,50.75447
Eggardon Hill,,,,313,Stone,,Upper Greensand,-2.66309,50.75404
Eggardon Hill,,,,314,Stone,,Upper Greensand,-2.66312,50.75399
Eggardon Hill,,,,315,Stone,,Upper Greensand,-2.66326,50.75396
Eggardon Hill,,,,316,Stone,,Upper Greensand,-2.66332,50.75391
Eggardon Hill,,,,317,Stone,,Upper Greensand,-2.66341,50.75387
Crow Hill,,,,318,Stone,,Sarsen,-2.57669,50.6891
Crow Hill,,,,319,Stone,,Sarsen,-2.57648,50.68923
Crow Hill,,,,320,Stone,,Sarsen,-2.57642,50.68922
Crow Hill,,,,321,Stone,,Sarsen,-2.57633,50.68923
Crow Hill,,,,322,Stone,,Sarsen,-2.57628,50.68923
Crow Hill,,,,323,Stone,,Sarsen,-2.57623,50.68925
Crow Hill,,,,324,Stone,,Sarsen,-2.57629,50.68931
Crow Hill,,,,325,Stone,,Sarsen,-2.57621,50.68931
Valley of Stones,,,,326,Stone,,Sarsen,-2.57326,50.69002
Valley of Stones,,,,327,Stone,,Sarsen,-2.57325,50.68999
Valley of Stones,,,,328,Stone,,Sarsen,-2.57321,50.69
Valley of Stones,,,,329,Stone,,Sarsen,-2.57318,50.68995
Valley of Stones,,,,330,Stone,,Sarsen,-2.57288,50.68984
Valley of Stones,,,,331,Stone,,Sarsen,-2.57294,50.6898
Valley of Stones,,,,332,Stone,,Sarsen,-2.57276,50.68971
Valley of Stones,,,,333,Stone,,Sarsen,-2.57279,50.68967
Valley of Stones,,,,334,Stone,,Sarsen,-2.57239,50.68947
Valley of Stones,,,,335,Stone,,Sarsen,-2.57236,50.68944
Valley of Stones,,,,336,Stone,,Sarsen,-2.5723,50.68947
Valley of Stones,,,,337,Stone,,Sarsen,-2.57222,50.6895
Valley of Stones,,,,338,Stone,,Sarsen,-2.57226,50.68944
Valley of Stones,,,,339,Stone,,Sarsen,-2.5722,50.68945
Valley of Stones,,,,340,Stone,,Sarsen,-2.57215,50.68945
Valley of Stones,,,,341,Stone,,Sarsen,-2.57212,50.68942
Valley of Stones,,,,342,Stone,,Sarsen,-2.57218,50.6894
Valley of Stones,,,,343,Stone,,Sarsen,-2.57213,50.68939
Valley of Stones,,,,344,Stone,,Sarsen,-2.57208,50.68938
Valley of Stones,,,,345,Stone,,Sarsen,-2.57206,50.68936
Valley of Stones,,,,346,Stone,,Sarsen,-2.572,50.68936
Valley of Stones,,,,347,Stone,,Sarsen,-2.57206,50.68932
Valley of Stones,,,,348,Stone,,Sarsen,-2.57201,50.68932
Valley of Stones,,,,349,Stone,,Sarsen,-2.57192,50.6893
Valley of Stones,,,,350,Stone,,Sarsen,-2.57197,50.68928
Valley of Stones,,,,351,Stone,,Sarsen,-2.57201,50.68923
Valley of Stones,,,,352,Stone,,Sarsen,-2.5719,50.68923
Valley of Stones,,,,353,Stone,,Sarsen,-2.57186,50.68918
Valley of Stones,,,,354,Stone,,Sarsen,-2.57176,50.68918
Valley of Stones,,,,355,Stone,,Sarsen,-2.57164,50.68917
Valley of Stones,,,,356,Stone,,Sarsen,-2.57171,50.68913
Valley of Stones,,,,357,Stone,,Sarsen,-2.57168,50.68912
Valley of Stones,,,,358,Stone,,Sarsen,-2.57165,50.68911
Valley of Stones,,,,359,Stone,,Sarsen,-2.5716,50.6891
Valley of Stones,,,,360,Stone,,Sarsen,-2.57161,50.68907
Valley of Stones,,,,361,Stone,,Sarsen,-2.57165,50.68905
Valley of Stones,,,,362,Stone,,Sarsen,-2.5717,50.68904
Valley of Stones,,,,363,Stone,,Sarsen,-2.57155,50.68904
Valley of Stones,,,,364,Stone,,Sarsen,-2.57152,50.68902
Valley of Stones,,,,365,Stone,,Sarsen,-2.57146,50.68899
Valley of Stones,,,,366,Stone,,Sarsen,-2.57143,50.68902
Valley of Stones,,,,367,Stone,,Sarsen,-2.57157,50.68902
Valley of Stones,,,,368,Stone,,Sarsen,-2.5716,50.689
Valley of Stones,,,,369,Stone,,Sarsen,-2.57163,50.68897
Valley of Stones,,,,370,Stone,,Sarsen,-2.57159,50.68896
Valley of Stones,,,,371,Stone,,Sarsen,-2.5715,50.68897
Valley of Stones,,,,372,Stone,,Sarsen,-2.57148,50.68895
Valley of Stones,,,,373,Stone,,Sarsen,-2.57143,50.68895
Valley of Stones,,,,374,Stone,,Sarsen,-2.5715,50.68886
Valley of Stones,,,,375,Stone,,Sarsen,-2.57084,50.68873
Valley of Stones,,,,376,Stone,,Sarsen,-2.571,50.68875
Valley of Stones,,,,377,Stone,,Sarsen,-2.57109,50.68874
Valley of Stones,,,,378,Stone,,Sarsen,-2.57117,50.68871
Valley of Stones,,,,379,Stone,,Sarsen,-2.57146,50.68879
Valley of Stones,,,,380,Stone,,Sarsen,-2.57141,50.6888
Valley of Stones,,,,381,Stone,,Sarsen,-2.57134,50.68881
Valley of Stones,,,,382,Stone,,Sarsen,-2.57129,50.68879
Valley of Stones,,,,383,Stone,,Sarsen,-2.57132,50.68876
Valley of Stones,,,,384,Stone,,Sarsen,-2.57129,50.68872
Valley of Stones,,,,385,Stone,,Sarsen,-2.57134,50.68871
Valley of Stones,,,,386,Stone,,Sarsen,-2.57138,50.68874
Valley of Stones,,,,387,Stone,,Sarsen,-2.57145,50.6887
Valley of Stones,,,,388,Stone,,Sarsen,-2.57135,50.68867
Valley of Stones,,,,389,Stone,,Sarsen,-2.57144,50.68865
Valley of Stones,,,,390,Stone,,Sarsen,-2.57134,50.68864
Valley of Stones,,,,391,Stone,,Sarsen,-2.57128,50.68863
Valley of Stones,,,,392,Stone,,Sarsen,-2.57128,50.68856
Valley of Stones,,,,393,Stone,,Sarsen,-2.57119,50.68857
Valley of Stones,,,,394,Stone,,Sarsen,-2.57112,50.68858
Valley of Stones,,,,395,Stone,,Sarsen,-2.57074,50.68856
Valley of Stones,,,,396,Stone,,Sarsen,-2.57051,50.68845
Valley of Stones,,,,397,Stone,,Sarsen,-2.57025,50.6831
Valley of Stones,,,,398,Stone,,Sarsen,-2.5695,50.68738
Valley of Stones,,,,399,Stone,,Sarsen,-2.57088,50.68772
Valley of Stones,,,,400,Stone,,Sarsen,-2.57081,50.68771
Valley of Stones,,,,401,Stone,,Sarsen,-2.57079,50.68766
Valley of Stones,,,,402,Stone,,Sarsen,-2.57074,50.68764
Valley of Stones,,,,403,Stone,,Sarsen,-2.57064,50.68763
Valley of Stones,,,,404,Stone,,Sarsen,-2.57069,50.68762
Valley of Stones,,,,405,Stone,,Sarsen,-2.57063,50.68759
Valley of Stones,,,,406,Stone,,Sarsen,-2.57056,50.68755
Valley of Stones,,,,407,Stone,,Sarsen,-2.57054,50.68752
Valley of Stones,,,,408,Stone,,Sarsen,-2.57058,50.68747
Valley of Stones,,,,409,Stone,,Sarsen,-2.57053,50.6874
Valley of Stones,,,,410,Stone,,Sarsen,-2.57049,50.68738
Valley of Stones,,,,411,Stone,,Sarsen,-2.57055,50.68723
Valley of Stones,,,,412,Stone,,Sarsen,-2.57049,50.68719
Valley of Stones,,,,413,Stone,,Sarsen,-2.5705,50.68707
Valley of Stones,,,,414,Stone,,Sarsen,-2.57027,50.68707
Valley of Stones,,,,415,Stone,,Sarsen,-2.57078,50.68662
Valley of Stones,,,,416,Stone,,Sarsen,-2.57074,50.68655
Valley of Stones,,,,417,Stone,,Sarsen,-2.57058,50.68656
Valley of Stones,,,,418,Stone,,Sarsen,-2.57085,50.68572
Valley of Stones,,,,419,Stone,,Sarsen,-2.5709,50.68572
Valley of Stones,,,,420,Stone,,Sarsen,-2.57097,50.6857
Valley of Stones,,,,421,Stone,,Sarsen,-2.57091,50.68565
Valley of Stones,,,,422,Stone,,Sarsen,-2.57098,50.68565
Valley of Stones,,,,423,Stone,,Sarsen,-2.57106,50.68565
Valley of Stones,,,,424,Stone,,Sarsen,-2.5709,50.68561
Valley of Stones,,,,425,Stone,,Sarsen,-2.57097,50.68561
Valley of Stones,,,,426,Stone,,Sarsen,-2.57099,50.68557
Valley of Stones,,,,427,Stone,,Sarsen,-2.57093,50.68554
Valley of Stones,,,,428,Stone,,Sarsen,-2.57097,50.68551
Valley of Stones,,,,429,Stone,,Sarsen,-2.57101,50.68549
Valley of Stones,,,,430,Stone,,Sarsen,-2.57105,50.68553
Valley of Stones,,,,431,Stone,,Sarsen,-2.57111,50.68555
Valley of Stones,,,,432,Stone,,Sarsen,-2.57114,50.68558
Valley of Stones,,,,433,Stone,,Sarsen,-2.57117,50.68555
Valley of Stones,,,,434,Stone,,Sarsen,-2.57108,50.68547
Valley of Stones,,,,435,Stone,,Sarsen,-2.57109,50.68544
Valley of Stones,,,,436,Stone,,Sarsen,-2.57116,50.68551
Valley of Stones,,,,437,Stone,,Sarsen,-2.57119,50.68547
Valley of Stones,,,,438,Stone,,Sarsen,-2.57125,50.6855
Valley of Stones,,,,439,Stone,,Sarsen,-2.57128,50.68546
Valley of Stones,,,,440,Stone,,Sarsen,-2.57136,50.68538
Valley of Stones,,,,441,Stone,,Sarsen,-2.57135,50.68536
Valley of Stones,,,,442,Stone,,Sarsen,-2.57141,50.6853
Valley of Stones,,,,443,Stone,,Sarsen,-2.57163,50.68528
Valley of Stones,,,,444,Stone,,Sarsen,-2.57171,50.68519
Valley of Stones,,,,445,Stone,,Sarsen,-2.57167,50.68516
Valley of Stones,,,,446,Stone,,Sarsen,-2.57175,50.68514
Valley of Stones,,,,447,Stone,,Sarsen,-2.57186,50.68516
Valley of Stones,,,,448,Stone,,Sarsen,-2.57184,50.68512
Valley of Stones,,,,449,Stone,,Sarsen,-2.5719,50.68514
Valley of Stones,,,,450,Stone,,Sarsen,-2.57202,50.68513
Valley of Stones,,,,451,Stone,,Sarsen,-2.57202,50.68509
Valley of Stones,,,,452,Stone,,Sarsen,-2.57203,50.68504
Valley of Stones,,,,453,Stone,,Sarsen,-2.57194,50.68502
Valley of Stones,,,,454,Stone,,Sarsen,-2.57212,50.68505
Valley of Stones,,,,455,Stone,,Sarsen,-2.57203,50.685
Valley of Stones,,,,456,Stone,,Sarsen,-2.57199,50.68496
Valley of Stones,,,,457,Stone,,Sarsen,-2.57213,50.68501
Valley of Stones,,,,458,Stone,,Sarsen,-2.57205,50.68497
Valley of Stones,,,,459,Stone,,Sarsen,-2.57204,50.68494
Valley of Stones,,,,460,Stone,,Sarsen,-2.57215,50.68497
Valley of Stones,,,,461,Stone,,Sarsen,-2.57224,50.68497
Valley of Stones,,,,462,Stone,,Sarsen,-2.57228,50.68494
Valley of Stones,,,,463,Stone,,Sarsen,-2.57216,50.68494
Valley of Stones,,,,464,Stone,,Sarsen,-2.57236,50.68493
Valley of Stones,,,,465,Stone,,Sarsen,-2.57174,50.68488
Valley of Stones,,,,466,Stone,,Sarsen,-2.57211,50.68488
Valley of Stones,,,,467,Stone,,Sarsen,-2.5722,50.68488
Valley of Stones,,,,468,Stone,,Sarsen,-2.57226,50.68488
Valley of Stones,,,,469,Stone,,Sarsen,-2.57234,50.68487
Valley of Stones,,,,470,Stone,,Sarsen,-2.57214,50.68484
Valley of Stones,,,,471,Stone,,Sarsen,-2.57208,50.68481
Valley of Stones,,,,472,Stone,,Sarsen,-2.57216,50.68479
Valley of Stones,,,,473,Stone,,Sarsen,-2.57225,50.68481
Valley of Stones,,,,474,Stone,,Sarsen,-2.57186,50.68472
Valley of Stones,,,,475,Stone,,Sarsen,-2.57213,50.68477
Valley of Stones,,,,476,Stone,,Sarsen,-2.57218,50.68477
Valley of Stones,,,,477,Stone,,Sarsen,-2.57234,50.6848
Valley of Stones,,,,478,Stone,,Sarsen,-2.57228,50.68479
Valley of Stones,,,,479,Stone,,Sarsen,-2.57223,50.68478
Valley of Stones,,,,480,Stone,,Sarsen,-2.5722,50.68475
Valley of Stones,,,,481,Stone,,Sarsen,-2.57217,50.68472
Valley of Stones,,,,482,Stone,,Sarsen,-2.57217,50.68467
Valley of Stones,,,,483,Stone,,Sarsen,-2.57212,50.68467
Valley of Stones,,,,484,Stone,,Sarsen,-2.5722,50.68463
Valley of Stones,,,,485,Stone,,Sarsen,-2.5722,50.6846
Valley of Stones,,,,486,Stone,,Sarsen,-2.57224,50.68458
Valley of Stones,,,,487,Stone,,Sarsen,-2.57225,50.68456
Valley of Stones,,,,488,Stone,,Sarsen,-2.57229,50.68455
Valley of Stones,,,,489,Stone,,Sarsen,-2.57233,50.68454
Valley of Stones,,,,490,Stone,,Sarsen,-2.57236,50.68456
Valley of Stones,,,,491,Stone,,Sarsen,-2.57238,50.6845
Valley of Stones,,,,492,Stone,,Sarsen,-2.57245,50.68449
Valley of Stones,,,,493,Stone,,Sarsen,-2.57248,50.68453
Valley of Stones,,,,494,Stone,,Sarsen,-2.57252,50.68458
Valley of Stones,,,,495,Stone,,Sarsen,-2.57244,50.6846
Valley of Stones,,,,496,Stone,,Sarsen,-2.57244,50.68462
Valley of Stones,,,,497,Stone,,Sarsen,-2.57235,50.68469
Valley of Stones,,,,498,Stone,,Sarsen,-2.57247,50.68465
Valley of Stones,,,,499,Stone,,Sarsen,-2.57242,50.68468
Valley of Stones,,,,500,Stone,,Sarsen,-2.57239,50.68471
Valley of Stones,,,,501,Stone,,Sarsen,-2.57237,50.68478
Valley of Stones,,,,502,Stone,,Sarsen,-2.57239,50.68474
Valley of Stones,,,,503,Stone,,Sarsen,-2.57242,50.68473
Valley of Stones,,,,504,Stone,,Sarsen,-2.57245,50.68476
Valley of Stones,,,,505,Stone,,Sarsen,-2.57252,50.68478
Valley of Stones,,,,506,Stone,,Sarsen,-2.5726,50.6848
Valley of Stones,,,,507,Stone,,Sarsen,-2.57247,50.68472
Valley of Stones,,,,508,Stone,,Sarsen,-2.57255,50.68473
Valley of Stones,,,,509,Stone,,Sarsen,-2.57269,50.68473
Valley of Stones,,,,510,Stone,,Sarsen,-2.57248,50.68469
Valley of Stones,,,,511,Stone,,Sarsen,-2.57254,50.68468
Valley of Stones,,,,512,Stone,,Sarsen,-2.57261,50.6847
Valley of Stones,,,,513,Stone,,Sarsen,-2.57273,50.68469
Valley of Stones,,,,514,Stone,,Sarsen,-2.57257,50.68465
Valley of Stones,,,,515,Stone,,Sarsen,-2.57259,50.68462
Valley of Stones,,,,516,Stone,,Sarsen,-2.57267,50.68463
Valley of Stones,,,,517,Stone,,Sarsen,-2.57299,50.68463
Valley of Stones,,,,518,Stone,,Sarsen,-2.57222,50.68447
Valley of Stones,,,,519,Stone,,Sarsen,-2.57224,50.68443
Valley of Stones,,,,520,Stone,,Sarsen,-2.57229,50.6844
Valley of Stones,,,,521,Stone,,Sarsen,-2.57241,50.68445
Valley of Stones,,,,522,Stone,,Sarsen,-2.57247,50.68442
Valley of Stones,,,,523,Stone,,Sarsen,-2.57258,50.68448
Valley of Stones,,,,524,Stone,,Sarsen,-2.57256,50.68453
Valley of Stones,,,,525,Stone,,Sarsen,-2.5726,50.68456
Valley of Stones,,,,526,Stone,,Sarsen,-2.57274,50.68458
Valley of Stones,,,,527,Stone,,Sarsen,-2.5727,50.68457
Valley of Stones,,,,528,Stone,,Sarsen,-2.57267,50.68453
Valley of Stones,,,,529,Stone,,Sarsen,-2.57273,50.68452
Valley of Stones,,,,530,Stone,,Sarsen,-2.5727,50.6845
Valley of Stones,,,,531,Stone,,Sarsen,-2.57269,50.68447
Valley of Stones,,,,532,Stone,,Sarsen,-2.57276,50.68442
Valley of Stones,,,,533,Stone,,Sarsen,-2.57277,50.68447
Valley of Stones,,,,534,Stone,,Sarsen,-2.57285,50.68447
Valley of Stones,,,,535,Stone,,Sarsen,-2.57293,50.68445
Valley of Stones,,,,536,Stone,,Sarsen,-2.57294,50.68442
Valley of Stones,,,,537,Stone,,Sarsen,-2.57287,50.68442
Valley of Stones,,,,538,Stone,,Sarsen,-2.57281,50.68439
Valley of Stones,,,,539,Stone,,Sarsen,-2.57279,50.68436
Valley of Stones,,,,540,Stone,,Sarsen,-2.57274,50.68434
Valley of Stones,,,,541,Stone,,Sarsen,-2.5729,50.68436
Valley of Stones,,,,542,Stone,,Sarsen,-2.57303,50.68435
Portesham Hill,,,,543,Stone,,Sarsen,-2.56605,50.682
Portesham Hill,,,,544,Stone,,Sarsen,-2.56603,50.68208
Portesham Hill,,,,545,Stone,,Sarsen,-2.56601,50.68213
Portesham Hill,,,,546,Stone,,Sarsen,-2.5659,50.68243
Portesham Hill,,,,547,Stone,,Sarsen,-2.56571,50.68243
Portesham Hill,,,,548,Stone,,Sarsen,-2.56588,50.6825
Portesham Hill,,,,549,Stone,,Sarsen,-2.56585,50.68257
Portesham Hill,,,,550,Stone,,Sarsen,-2.56584,50.68263
Portesham Hill,,,,551,Stone,,Sarsen,-2.56582,50.68268
Portesham Hill,,,,552,Stone,,Sarsen,-2.56578,50.68277
Portesham Hill,,,,553,Stone,,Sarsen,-2.56577,50.6828
Portesham Hill,,,,554,Stone,,Sarsen,-2.56576,50.68283
Portesham Hill,,,,555,Stone,,Sarsen,-2.56514,50.68314
Portesham Hill,,,,556,Stone,,Sarsen,-2.5652,50.6837
Valley of Stones,,,,557,Stone,,Sarsen,-2.57378,50.68449
Valley of Stones,,,,558,Stone,,Sarsen,-2.57372,50.68447
Valley of Stones,,,,559,Stone,,Sarsen,-2.5737,50.68454
Valley of Stones,,,,560,Stone,,Sarsen,-2.57364,50.68454
Valley of Stones,,,,561,Stone,,Sarsen,-2.57359,50.68452
Valley of Stones,,,,562,Stone,,Sarsen,-2.57367,50.68451
Valley of Stones,,,,563,Stone,,Sarsen,-2.57361,50.6845
Valley of Stones,,,,564,Stone,,Sarsen,-2.57349,50.68423
Valley of Stones,,,,565,Stone,,Sarsen,-2.57342,50.68439
Valley of Stones,,,,566,Stone,,Sarsen,-2.5733,50.68436
Valley of Stones,,,,567,Stone,,Sarsen,-2.57323,50.68431
Valley of Stones,,,,568,Stone,,Sarsen,-2.57316,50.68429
Valley of Stones,,,,569,Stone,,Sarsen,-2.57308,50.6843
Valley of Stones,,,,570,Stone,,Sarsen,-2.57283,50.68429
Valley of Stones,,,,571,Stone,,Sarsen,-2.5729,50.68429
Valley of Stones,,,,572,Stone,,Sarsen,-2.5729,50.68423
Valley of Stones,,,,573,Stone,,Sarsen,-2.57295,50.68427
Valley of Stones,,,,574,Stone,,Sarsen,-2.57297,50.6842
Valley of Stones,,,,575,Stone,,Sarsen,-2.57307,50.68426
Valley of Stones,,,,576,Stone,,Sarsen,-2.57324,50.68424
Valley of Stones,,,,577,Stone,,Sarsen,-2.57316,50.68423
Valley of Stones,,,,578,Stone,,Sarsen,-2.57313,50.68417
Valley of Stones,,,,579,Stone,,Sarsen,-2.57301,50.68422
Valley of Stones,,,,580,Stone,,Sarsen,-2.57306,50.68423
Valley of Stones,,,,581,Stone,,Sarsen,-2.57308,50.6842
Valley of Stones,,,,582,Stone,,Sarsen,-2.57273,50.68415
Valley of Stones,,,,583,Stone,,Sarsen,-2.57278,50.68415
Valley of Stones,,,,584,Stone,,Sarsen,-2.5728,50.68412
Valley of Stones,,,,585,Stone,,Sarsen,-2.57284,50.68415
Punknowle,,,,586,Stone,,Unknown,-2.64626,50.69879
Punknowle,,,,587,Stone,,Unknown,-2.6453,50.69865
Punknowle,,,,588,Stone,,Unknown,-2.64408,50.69834
Punknowle,,,,589,Stone,,Unknown,-2.64429,50.69902
Punknowle,,,,590,Stone,,Unknown,-2.64336,50.69937
Punknowle,,,,591,Stone,,Unknown,-2.64599,50.69997
Punknowle,,,,592,Stone,,Unknown,-2.64608,50.70011
Punknowle,,,,593,Stone,,Unknown,-2.6446,50.70033
Punknowle,,,,594,Stone,,Unknown,-2.64469,50.70048
Punknowle,,,,595,Stone,,Unknown,-2.64357,50.70061
Punknowle,,,,596,Stone,,Unknown,-2.64366,50.70074
,,,,597,Stone,,Heathstone,-2.13821,50.70284
,,,,598,Stone,,Heathstone,-2.14229,50.70269
,,,,599,Stone,,Heathstone,-2.14449,50.70261
,,,,600,Stone,,Heathstone,-2.14653,50.70254
,,,,601,Stone,,Heathstone,-2.14813,50.70246
,,,,602,Stone,,Heathstone,-2.14783,50.70246
Eggardon Hill,,,,603,Stone,Outcrop and landslip,Upper Greensand,-2.65404,50.75498
Eggardon Hill,,,,604,Stone,Outcrop and landslip,Upper Greensand,-2.65467,50.75531
Eggardon Hill,,,,605,Stone,Outcrop and landslip,Upper Greensand,-2.65503,50.75526
Eggardon Hill,,,,606,Stone,Outcrop and landslip,Upper Greensand,-2.65498,50.75539
Eggardon Hill,,,,607,Stone,Outcrop and landslip,Upper Greensand,-2.6551,50.75538
Eggardon Hill,,,,608,Stone,Outcrop and landslip,Upper Greensand,-2.65514,50.75545
Eggardon Hill,,,,609,Stone,Outcrop and landslip,Upper Greensand,-2.65515,50.75541
Eggardon Hill,,,,610,Stone,Outcrop and landslip,Upper Greensand,-2.65564,50.7554
Eggardon Hill,,,,611,Stone,Outcrop and landslip,Upper Greensand,-2.65514,50.75559
Eggardon Hill,,,,612,Stone,Outcrop and landslip,Upper Greensand,-2.65521,50.75558
Eggardon Hill,,,,613,Stone,Outcrop and landslip,Upper Greensand,-2.65577,50.75564
Eggardon Hill,,,,614,Stone,Outcrop and landslip,Upper Greensand,-2.65586,50.75554
Eggardon Hill,,,,615,Stone,Outcrop and landslip,Upper Greensand,-2.65595,50.75558
Eggardon Hill,,,,616,Stone,Outcrop and landslip,Upper Greensand,-2.65462,50.75637
Eggardon Hill,,,,617,Stone,Outcrop and landslip,Upper Greensand,-2.65512,50.75631
Eggardon Hill,,,,618,Stone,Outcrop and landslip,Upper Greensand,-2.65508,50.75662
Eggardon Hill,,,,619,Stone,Outcrop and landslip,Upper Greensand,-2.65518,50.75668
Eggardon Hill,,,,620,Stone,Outcrop and landslip,Upper Greensand,-2.65517,50.75662
Eggardon Hill,,,,621,Stone,Outcrop and landslip,Upper Greensand,-2.65629,50.75595
Eggardon Hill,,,,622,Stone,Outcrop and landslip,Upper Greensand,-2.65641,50.75604
Eggardon Hill,,,,623,Stone,Outcrop and landslip,Upper Greensand,-2.65585,50.75622
Eggardon Hill,,,,624,Stone,Outcrop and landslip,Upper Greensand,-2.65617,50.75623
Eggardon Hill,,,,625,Stone,Outcrop and landslip,Upper Greensand,-2.6563,50.75639
Eggardon Hill,,,,626,Stone,Outcrop and landslip,Upper Greensand,-2.65605,50.75628
Eggardon Hill,,,,627,Stone,Outcrop and landslip,Upper Greensand,-2.65578,50.7563
Eggardon Hill,,,,628,Stone,Outcrop and landslip,Upper Greensand,-2.65582,50.75633
Eggardon Hill,,,,629,Stone,Outcrop and landslip,Upper Greensand,-2.65587,50.75634
Eggardon Hill,,,,630,Stone,Outcrop and landslip,Upper Greensand,-2.65582,50.75637
Eggardon Hill,,,,631,Stone,Outcrop and landslip,Upper Greensand,-2.65815,50.75746
Eggardon Hill,,,,632,Stone,Outcrop and landslip,Upper Greensand,-2.65774,50.75671
Eggardon Hill,,,,633,Stone,Outcrop and landslip,Upper Greensand,-2.65792,50.75616
Eggardon Hill,,,,634,Stone,Outcrop and landslip,Upper Greensand,-2.65824,50.75616
Eggardon Hill,,,,635,Stone,Outcrop and landslip,Upper Greensand,-2.65697,50.75558
Eggardon Hill,,,,636,Stone,Outcrop and landslip,Upper Greensand,-2.65703,50.7556
Eggardon Hill,,,,637,Stone,Outcrop and landslip,Upper Greensand,-2.65713,50.75548
Eggardon Hill,,,,638,Stone,Outcrop and landslip,Upper Greensand,-2.65767,50.7554
Eggardon Hill,,,,639,Stone,Outcrop and landslip,Upper Greensand,-2.65758,50.7553
Eggardon Hill,,,,640,Stone,Outcrop and landslip,Upper Greensand,-2.658,50.75529
Wareham,,,,641,Stone,,Heathstone,-2.10086,50.70349
Wareham,,,,642,Stone,,Heathstone,-2.09781,50.70478
Wareham,,,,643,Stone,,Heathstone,-2.09543,50.70607
Wareham,,,,644,Stone,,Heathstone,-2.09366,50.70688
Wareham,,,,645,Stone,,Heathstone,-2.08934,50.70891
Wareham,,,,646,Stone,,Heathstone,-2.08715,50.70996
Wareham,,,,647,Stone,,Heathstone,-2.08507,50.71105
Wareham,,,,648,Stone,,Heathstone,-2.07542,50.71094
Wareham,,,,649,Stone,,Heathstone,-2.07701,50.7115
Wareham,,,,650,Stone,,Heathstone,-2.07793,50.71183
Wareham,,,,651,Stone,,Heathstone,-2.07859,50.71209
Wareham,,,,652,Stone,,Heathstone,-2.07939,50.71236
Wareham,,,,653,Stone,,Heathstone,-2.08032,50.71269
Valley of Stones,,,,654,Stone,,Sarsen,-2.57258,50.68408
Valley of Stones,,,,655,Stone,,Sarsen,-2.57278,50.68405
Valley of Stones,,,,656,Stone,,Sarsen,-2.57309,50.68399
Valley of Stones,,,,657,Stone,,Sarsen,-2.57314,50.68413
Valley of Stones,,,,658,Stone,,Sarsen,-2.57282,50.68389
Valley of Stones,,,,659,Stone,,Sarsen,-2.5727,50.68387
Valley of Stones,,,,660,Stone,,Sarsen,-2.57262,50.68383
Valley of Stones,,,,661,Stone,,Sarsen,-2.57261,50.68376
Valley of Stones,,,,662,Stone,,Sarsen,-2.57272,50.68374
Valley of Stones,,,,663,Stone,,Sarsen,-2.57256,50.68371
Valley of Stones,,,,664,Stone,,Sarsen,-2.57248,50.68369
Valley of Stones,,,,665,Stone,,Sarsen,-2.57242,50.68366
Valley of Stones,,,,666,Stone,,Sarsen,-2.5725,50.68363
Valley of Stones,,,,667,Stone,,Sarsen,-2.57255,50.68367
Valley of Stones,,,,668,Stone,,Sarsen,-2.57258,50.68363
Valley of Stones,,,,669,Stone,,Sarsen,-2.57255,50.68355
Valley of Stones,,,,670,Stone,,Sarsen,-2.57244,50.68356
Valley of Stones,,,,671,Stone,,Sarsen,-2.57243,50.68352
Valley of Stones,,,,672,Stone,,Sarsen,-2.5724,50.68346
Valley of Stones,,,,673,Stone,,Sarsen,-2.57235,50.68344
Valley of Stones,,,,674,Stone,,Sarsen,-2.57242,50.68342
Valley of Stones,,,,675,Stone,,Sarsen,-2.5723,50.68341
Valley of Stones,,,,676,Stone,,Sarsen,-2.57235,50.6834
Valley of Stones,,,,677,Stone,,Sarsen,-2.57229,50.68337
Valley of Stones,,,,678,Stone,,Sarsen,-2.57222,50.68336
Valley of Stones,,,,679,Stone,,Sarsen,-2.57226,50.68334
Valley of Stones,,,,680,Stone,,Sarsen,-2.57243,50.68332
Valley of Stones,,,,681,Stone,,Sarsen,-2.5721,50.68327
Valley of Stones,,,,682,Stone,,Sarsen,-2.57225,50.68325
Valley of Stones,,,,683,Stone,,Sarsen,-2.5721,50.68322
Valley of Stones,,,,684,Stone,,Sarsen,-2.57215,50.68318
Valley of Stones,,,,685,Stone,,Sarsen,-2.57207,50.68315
Valley of Stones,,,,686,Stone,,Sarsen,-2.57202,50.68312
Valley of Stones,,,,687,Stone,,Sarsen,-2.57207,50.68309
Valley of Stones,,,,688,Stone,,Sarsen,-2.57201,50.683
Valley of Stones,,,,689,Stone,,Sarsen,-2.57217,50.6831
Valley of Stones,,,,690,Stone,,Sarsen,-2.57225,50.68311
Valley of Stones,,,,691,Stone,,Sarsen,-2.57225,50.68297
Valley of Stones,,,,692,Stone,,Sarsen,-2.57238,50.68315
Valley of Stones,,,,693,Stone,,Sarsen,-2.57244,50.68319
Valley of Stones,,,,694,Stone,,Sarsen,-2.57243,50.68326
Valley of Stones,,,,695,Stone,,Sarsen,-2.57257,50.68329
Valley of Stones,,,,696,Stone,,Sarsen,-2.57263,50.68309
Valley of Stones,,,,697,Stone,,Sarsen,-2.57245,50.68303
Valley of Stones,,,,698,Stone,,Sarsen,-2.57266,50.68321
Valley of Stones,,,,699,Stone,,Sarsen,-2.57261,50.68336
Valley of Stones,,,,700,Stone,,Sarsen,-2.57281,50.68329
Valley of Stones,,,,701,Stone,,Sarsen,-2.57285,50.68332
Valley of Stones,,,,702,Stone,,Sarsen,-2.57295,50.68327
Valley of Stones,,,,703,Stone,,Sarsen,-2.57262,50.68343
Valley of Stones,,,,704,Stone,,Sarsen,-2.57271,50.68343
Valley of Stones,,,,705,Stone,,Sarsen,-2.57286,50.6834
Valley of Stones,,,,706,Stone,,Sarsen,-2.57299,50.68339
Valley of Stones,,,,707,Stone,,Sarsen,-2.57296,50.68356
Valley of Stones,,,,708,Stone,,Sarsen,-2.57299,50.68364
Valley of Stones,,,,709,Stone,,Sarsen,-2.57308,50.6837
Valley of Stones,,,,710,Stone,,Sarsen,-2.57305,50.68362
Valley of Stones,,,,711,Stone,,Sarsen,-2.57311,50.68359
Valley of Stones,,,,712,Stone,,Sarsen,-2.57321,50.68365
Valley of Stones,,,,713,Stone,,Sarsen,-2.57322,50.68361
Valley of Stones,,,,714,Stone,,Sarsen,-2.57316,50.68358
Valley of Stones,,,,715,Stone,,Sarsen,-2.57313,50.68355
Valley of Stones,,,,716,Stone,,Sarsen,-2.57337,50.68358
Valley of Stones,,,,717,Stone,,Sarsen,-2.57322,50.68351
Valley of Stones,,,,718,Stone,,Sarsen,-2.57318,50.68347
Valley of Stones,,,,719,Stone,,Sarsen,-2.57327,50.68344
Valley of Stones,,,,720,Stone,,Sarsen,-2.57332,50.68348
Valley of Stones,,,,721,Stone,,Sarsen,-2.5734,50.68348
Valley of Stones,,,,722,Stone,,Sarsen,-2.57347,50.6834
Valley of Stones,,,,723,Stone,,Sarsen,-2.5734,50.68337
Valley of Stones,,,,724,Stone,,Sarsen,-2.57339,50.68334
Valley of Stones,,,,725,Stone,,Sarsen,-2.57345,50.68334
Valley of Stones,,,,726,Stone,,Sarsen,-2.57352,50.68338
Valley of Stones,,,,727,Stone,,Sarsen,-2.5736,50.68336
Valley of Stones,,,,728,Stone,,Sarsen,-2.57325,50.68325
Valley of Stones,,,,729,Stone,,Sarsen,-2.5734,50.68324
Valley of Stones,,,,730,Stone,,Sarsen,-2.57367,50.68329
Valley of Stones,,,,731,Stone,,Sarsen,-2.57387,50.68335
Valley of Stones,,,,732,Stone,,Sarsen,-2.574,50.68341
Valley of Stones,,,,733,Stone,,Sarsen,-2.57415,50.68342
Valley of Stones,,,,734,Stone,,Sarsen,-2.57401,50.68338
Valley of Stones,,,,735,Stone,,Sarsen,-2.57369,50.68319
Valley of Stones,,,,736,Stone,,Sarsen,-2.57329,50.68322
Valley of Stones,,,,737,Stone,,Sarsen,-2.57304,50.6832
Valley of Stones,,,,738,Stone,,Sarsen,-2.57307,50.68316
Valley of Stones,,,,739,Stone,,Sarsen,-2.57313,50.68317
Valley of Stones,,,,740,Stone,,Sarsen,-2.57303,50.6831
Valley of Stones,,,,741,Stone,,Sarsen,-2.57292,50.68305
Valley of Stones,,,,742,Stone,,Sarsen,-2.57287,50.68302
Valley of Stones,,,,743,Stone,,Sarsen,-2.5728,50.68297
Valley of Stones,,,,744,Stone,,Sarsen,-2.5726,50.683
Valley of Stones,,,,745,Stone,,Sarsen,-2.57318,50.68318
Valley of Stones,,,,746,Stone,,Sarsen,-2.57325,50.68318
Valley of Stones,,,,747,Stone,,Sarsen,-2.57323,50.68315
Valley of Stones,,,,748,Stone,,Sarsen,-2.57312,50.68305
Valley of Stones,,,,749,Stone,,Sarsen,-2.57323,50.68306
Valley of Stones,,,,750,Stone,,Sarsen,-2.57347,50.68307
Valley of Stones,,,,751,Stone,,Sarsen,-2.57339,50.68304
Valley of Stones,,,,752,Stone,,Sarsen,-2.57373,50.68309
Valley of Stones,,,,753,Stone,,Sarsen,-2.57383,50.68301
Valley of Stones,,,,754,Stone,,Sarsen,-2.57402,50.6831
Valley of Stones,,,,755,Stone,,Sarsen,-2.57413,50.68306
Valley of Stones,,,,756,Stone,,Sarsen,-2.57352,50.68289
Valley of Stones,,,,757,Stone,,Sarsen,-2.57383,50.68279
Valley of Stones,,,,758,Stone,,Sarsen,-2.5739,50.68279
Valley of Stones,,,,759,Stone,,Sarsen,-2.57304,50.68295
Valley of Stones,,,,760,Stone,,Sarsen,-2.57429,50.68314
Valley of Stones,,,,761,Stone,,Sarsen,-2.57424,50.68293
Valley of Stones,,,,762,Stone,,Sarsen,-2.5743,50.68311
Valley of Stones,,,,763,Stone,,Sarsen,-2.57453,50.68306
Valley of Stones,,,,764,Stone,,Sarsen,-2.57433,50.68294
Valley of Stones,,,,765,Stone,,Sarsen,-2.57475,50.68301
Valley of Stones,,,,766,Stone,,Sarsen,-2.57478,50.68294
Valley of Stones,,,,767,Stone,,Sarsen,-2.57463,50.6828
Valley of Stones,,,,768,Stone,,Sarsen,-2.57448,50.68286
Valley of Stones,,,,769,Stone,,Sarsen,-2.5744,50.68286
Valley of Stones,,,,770,Stone,,Sarsen,-2.57455,50.68284
Valley of Stones,,,,771,Stone,,Sarsen,-2.57449,50.68283
Valley of Stones,,,,772,Stone,,Sarsen,-2.57444,50.6828
Valley of Stones,,,,773,Stone,,Sarsen,-2.57441,50.68271
Valley of Stones,,,,774,Stone,,Sarsen,-2.57419,50.68271
Valley of Stones,,,,775,Stone,,Sarsen,-2.57422,50.68264
Valley of Stones,,,,776,Stone,,Sarsen,-2.57403,50.6827
Valley of Stones,,,,777,Stone,,Sarsen,-2.57386,50.6827
Valley of Stones,,,,778,Stone,,Sarsen,-2.57369,50.68253
Valley of Stones,,,,779,Stone,,Sarsen,-2.57371,50.68243
Valley of Stones,,,,780,Stone,,Sarsen,-2.5736,50.68235
Valley of Stones,,,,781,Stone,,Sarsen,-2.57375,50.68394
Valley of Stones,,,,782,Stone,,Sarsen,-2.57376,50.6839
Valley of Stones,,,,783,Stone,,Sarsen,-2.5737,50.68389
Valley of Stones,,,,784,Stone,,Sarsen,-2.57367,50.68387
Valley of Stones,,,,785,Stone,,Sarsen,-2.57357,50.68383
Valley of Stones,,,,786,Stone,,Sarsen,-2.57347,50.6839
Valley of Stones,,,,787,Stone,,Sarsen,-2.5735,50.68394
Valley of Stones,,,,788,Stone,,Sarsen,-2.57355,50.68391
Valley of Stones,,,,789,Stone,,Sarsen,-2.57358,50.68393
Valley of Stones,,,,790,Stone,,Sarsen,-2.57359,50.68396
Valley of Stones,,,,791,Stone,,Sarsen,-2.57363,50.68394
Valley of Stones,,,,792,Stone,,Sarsen,-2.57405,50.684
Valley of Stones,,,,793,Stone,,Sarsen,-2.57426,50.68384
Valley of Stones,,,,794,Stone,,Sarsen,-2.57349,50.68399
Valley of Stones,,,,795,Stone,,Sarsen,-2.57337,50.68399
Valley of Stones,,,,796,Stone,,Sarsen,-2.57329,50.684
Valley of Stones,,,,797,Stone,,Sarsen,-2.57343,50.68401
Valley of Stones,,,,798,Stone,,Sarsen,-2.57338,50.68402
Valley of Stones,,,,799,Stone,,Sarsen,-2.57333,50.68403
Valley of Stones,,,,800,Stone,,Sarsen,-2.57328,50.68404
Valley of Stones,,,,801,Stone,,Sarsen,-2.57324,50.68408
Valley of Stones,,,,802,Stone,,Sarsen,-2.57334,50.68407
Valley of Stones,,,,803,Stone,,Sarsen,-2.5734,50.68406
Valley of Stones,,,,804,Stone,,Sarsen,-2.57347,50.68408
Valley of Stones,,,,805,Stone,,Sarsen,-2.57352,50.68405
Valley of Stones,,,,806,Stone,,Sarsen,-2.575,50.68314
Valley of Stones,,,,807,Stone,,Sarsen,-2.57506,50.68318
Valley of Stones,,,,808,Stone,,Sarsen,-2.57523,50.68325
Valley of Stones,,,,809,Stone,,Sarsen,-2.57528,50.68328
Valley of Stones,,,,810,Stone,,Sarsen,-2.57494,50.68334
Valley of Stones,,,,811,Stone,,Sarsen,-2.57466,50.68341
Valley of Stones,,,,812,Stone,,Sarsen,-2.57417,50.68328
Valley of Stones,,,,813,Stone,,Sarsen,-2.57421,50.68336
Valley of Stones,,,,814,Stone,,Sarsen,-2.57425,50.68333
Valley of Stones,,,,815,Stone,,Sarsen,-2.57429,50.68328
Valley of Stones,,,,816,Stone,,Sarsen,-2.57433,50.68325
Valley of Stones,,,,817,Stone,,Sarsen,-2.57436,50.68328
Valley of Stones,,,,818,Stone,,Sarsen,-2.57432,50.68337
Valley of Stones,,,,819,Stone,,Sarsen,-2.57437,50.68337
Valley of Stones,,,,820,Stone,,Sarsen,-2.57425,50.68351
Valley of Stones,,,,821,Stone,,Sarsen,-2.57438,50.68355
Valley of Stones,,,,822,Stone,,Sarsen,-2.57439,50.68351
Valley of Stones,,,,823,Stone,,Sarsen,-2.57461,50.68349
Valley of Stones,,,,824,Stone,,Sarsen,-2.57456,50.6835
Valley of Stones,,,,825,Stone,,Sarsen,-2.57458,50.68354
Valley of Stones,,,,826,Stone,,Sarsen,-2.57495,50.68355
Valley of Stones,,,,827,Stone,,Sarsen,-2.57505,50.68365
Valley of Stones,,,,828,Stone,,Sarsen,-2.57441,50.68364
Valley of Stones,,,,829,Stone,,Sarsen,-2.57431,50.68358
Valley of Stones,,,,830,Stone,,Sarsen,-2.57429,50.6836
Valley of Stones,,,,831,Stone,,Sarsen,-2.57424,50.68362
Valley of Stones,,,,832,Stone,,Sarsen,-2.57418,50.68363
Valley of Stones,,,,833,Stone,,Sarsen,-2.57423,50.68377
Valley of Stones,,,,834,Stone,,Sarsen,-2.57415,50.68359
Valley of Stones,,,,835,Stone,,Sarsen,-2.57409,50.68358
Valley of Stones,,,,836,Stone,,Sarsen,-2.57407,50.68361
Valley of Stones,,,,837,Stone,,Sarsen,-2.57403,50.68364
Valley of Stones,,,,838,Stone,,Sarsen,-2.57402,50.68368
Valley of Stones,,,,839,Stone,,Sarsen,-2.57409,50.68369
Valley of Stones,,,,840,Stone,,Sarsen,-2.57416,50.68367
Valley of Stones,,,,841,Stone,,Sarsen,-2.57422,50.68366
Valley of Stones,,,,842,Stone,,Sarsen,-2.57372,50.68364
Valley of Stones,,,,843,Stone,,Sarsen,-2.5737,50.68367
Valley of Stones,,,,844,Stone,,Sarsen,-2.57367,50.68374
Valley of Stones,,,,845,Stone,,Sarsen,-2.57379,50.68373
Valley of Stones,,,,846,Stone,,Sarsen,-2.57383,50.68371
Valley of Stones,,,,847,Stone,,Sarsen,-2.5739,50.6837
Valley of Stones,,,,848,Stone,,Sarsen,-2.57402,50.68375
Valley of Stones,,,,849,Stone,,Sarsen,-2.57397,50.68376
Valley of Stones,,,,850,Stone,,Sarsen,-2.5739,50.68376
Valley of Stones,,,,851,Stone,,Sarsen,-2.57385,50.6838
Valley of Stones,,,,852,Stone,,Sarsen,-2.57377,50.68378
Valley of Stones,,,,853,Stone,,Sarsen,-2.57368,50.68379
Valley of Stones,,,,854,Stone,,Sarsen,-2.57439,50.68396
Valley of Stones,,,,855,Stone,,Sarsen,-2.5728,50.68268
Valley of Stones,,,,856,Stone,,Sarsen,-2.57279,50.68261
Valley of Stones,,,,857,Stone,,Sarsen,-2.57273,50.68259
Valley of Stones,,,,858,Stone,,Sarsen,-2.57268,50.68256
Valley of Stones,,,,859,Stone,,Sarsen,-2.57275,50.68249
Valley of Stones,,,,860,Stone,,Sarsen,-2.5732,50.6826
Valley of Stones,,,,861,Stone,,Sarsen,-2.57342,50.6826
Valley of Stones,,,,862,Stone,,Sarsen,-2.57338,50.68264
Valley of Stones,,,,863,Stone,,Sarsen,-2.5728,50.68278
Valley of Stones,,,,864,Stone,,Sarsen,-2.57291,50.68279
Valley of Stones,,,,865,Stone,,Sarsen,-2.57301,50.68276
Valley of Stones,,,,866,Stone,,Sarsen,-2.57324,50.68272
Valley of Stones,,,,867,Stone,,Sarsen,-2.57322,50.68276
Valley of Stones,,,,868,Stone,,Sarsen,-2.57333,50.68271
Valley of Stones,,,,869,Stone,,Sarsen,-2.57333,50.68277
Valley of Stones,,,,870,Stone,,Sarsen,-2.57325,50.68281
Valley of Stones,,,,871,Stone,,Sarsen,-2.57333,50.68282
Valley of Stones,,,,872,Stone,,Sarsen,-2.57345,50.68281
Valley of Stones,,,,873,Stone,,Sarsen,-2.57352,50.68273
Valley of Stones,,,,874,Stone,,Sarsen,-2.57295,50.68296
Valley of Stones,,,,875,Stone,,Sarsen,-2.57296,50.68292
Valley of Stones,,,,876,Stone,,Sarsen,-2.57298,50.68288
Valley of Stones,,,,877,Stone,,Sarsen,-2.57289,50.68285
Valley of Stones,,,,878,Stone,,Sarsen,-2.57265,50.68285
Valley of Stones,,,,879,Stone,,Sarsen,-2.57249,50.68281
Valley of Stones,,,,880,Stone,,Sarsen,-2.57253,50.68286
Valley of Stones,,,,881,Stone,,Sarsen,-2.57242,50.68289
Valley of Stones,,,,882,Stone,,Sarsen,-2.57241,50.68284
Valley of Stones,,,,883,Stone,,Sarsen,-2.57235,50.68283
Valley of Stones,,,,884,Stone,,Sarsen,-2.57221,50.68285
Valley of Stones,,,,885,Stone,,Sarsen,-2.57231,50.68277
Valley of Stones,,,,886,Stone,,Sarsen,-2.57223,50.68271
Valley of Stones,,,,887,Stone,,Sarsen,-2.57229,50.68259
Valley of Stones,,,,888,Stone,,Sarsen,-2.57216,50.68292
Valley of Stones,,,,889,Stone,,Sarsen,-2.5723,50.68291
Valley of Stones,,,,890,Stone,,Sarsen,-2.57237,50.68299
Valley of Stones,,,,891,Stone,,Sarsen,-2.57235,50.68294
Valley of Stones,,,,892,Stone,,Sarsen,-2.57245,50.68294
Valley of Stones,,,,893,Stone,,Sarsen,-2.57254,50.68293
Valley of Stones,,,,894,Stone,,Sarsen,-2.5725,50.68299
Valley of Stones,,,,895,Stone,,Sarsen,-2.57185,50.68281
Valley of Stones,,,,896,Stone,,Sarsen,-2.57178,50.68285
Valley of Stones,,,,897,Stone,,Sarsen,-2.57156,50.68283
Valley of Stones,,,,898,Stone,,Sarsen,-2.57154,50.68293
Valley of Stones,,,,899,Stone,,Sarsen,-2.57162,50.68295
Valley of Stones,,,,900,Stone,,Sarsen,-2.57169,50.68292
Valley of Stones,,,,901,Stone,,Sarsen,-2.57174,50.6829
Valley of Stones,,,,902,Stone,,Sarsen,-2.5718,50.68295
Valley of Stones,,,,903,Stone,,Sarsen,-2.57185,50.68291
Valley of Stones,,,,904,Stone,,Sarsen,-2.57194,50.68292
Valley of Stones,,,,905,Stone,,Sarsen,-2.57186,50.68286
Valley of Stones,,,,906,Stone,,Sarsen,-2.5716,50.68299
Valley of Stones,,,,907,Stone,,Sarsen,-2.5722,50.68253
Valley of Stones,,,,908,Stone,,Sarsen,-2.5687,50.68664
Valley of Stones,,,,909,Stone,,Sarsen,-2.56864,50.68664
,,,,910,Stone,,Heathstone,-1.9937,50.64114
Winterborne St. Martin,,,,911,Stone,,Sarsen,-2.50198,50.69998
Black Down Barn,,,,912,Stone,,Sarsen,-2.54623,50.67817
Two Gates,,,,913,Cromlech,Chambered Long Barrow,Sarsen,-2.63228,50.7418
Two Gates,,,,914,Cromlech,Chambered Long Barrow?,Sarsen,-2.63223,50.74178
,,,,915,Stone,,Sarsen,-2.59796,50.73251
,,,,916,Stone,,Sarsen,-2.59761,50.73221
,,,,917,Stone,,Sarsen,-2.57063,50.70592
,,,,918,Stone,,Sarsen,-2.57065,50.70595
,,,,919,Stone,,Sarsen,-2.5706,50.70593
Little Mayne,,,,920,Stone,Boulder field ,Sarsen,-2.3953,50.68253
Little Mayne,,,,921,Stone,Boulder field ,Sarsen,-2.3954,50.68265
Little Mayne,,,,922,Stone,Boulder field ,Sarsen,-2.3955,50.68274
Little Mayne,,,,923,Stone,Boulder field ,Sarsen,-2.39549,50.68278
Little Mayne,,,,924,Stone,Boulder field ,Sarsen,-2.39553,50.68279
Little Mayne,,,,925,Stone,Boulder field ,Sarsen,-2.39555,50.68283
Little Mayne,,,,926,Stone,Boulder field ,Sarsen,-2.39557,50.68283
Little Mayne,,,,927,Stone,Boulder field ,Sarsen,-2.3956,50.68282
Little Mayne,,,,928,Stone,Boulder field ,Sarsen,-2.39566,50.68289
Little Mayne,,,,929,Stone,Boulder field ,Sarsen,-2.39377,50.68323
Little Maybe,,,,930,Stone,Boulder field ,Sarsen,-2.39362,50.68349
,,,,931,Stone,,Heathstone,-2.15021,50.67739
,,,,932,Stone,,Heathstone,-2.15216,50.67722
,,,,933,Stone,,Upper Greensand,-2.08724,50.64005
,,,,934,Stone,,Upper Greensand,-2.08951,50.64058
,,,,935,Stone,,Upper Greensand,-2.08744,50.64072
,,,,936,Stone,,Upper Greensand,-2.084,50.64096
,,,,937,Stone,,Upper Greensand,-2.08695,50.63919
,,,,938,Stone,,Upper Greensand,-2.08797,50.6392
,,,,939,Stone,,Upper Greensand,-2.0835,50.6393
,,,,940,Stone,,Upper Greensand,-2.08909,50.63915
,,,,941,Stone,,Upper Greensand,-2.08382,50.64025
,,,,942,Stone,,Heathstone,-2.08745,50.64296
,,,,943,Stone,,Heathstone,-2.08711,50.643
,,,,944,Stone,,Heathstone,-2.08743,50.64381
,,,,945,Stone,,Heathstone,-2.08677,50.64477
,,,,946,Stone,,Heathstone,-2.0635,50.64187
,,,,947,Stone,,Unknown,-1.97046,50.6279
,,,,948,Stone,,Unknown,-1.971,50.6284
,,,,949,Stone,,Unknown,-1.97147,50.62907
,,,,950,Stone,,Unknown,-1.97075,50.62877
,,,,951,Stone,,Unknown,-1.97064,50.62893
,,,,952,Stone,,Unknown,-1.97044,50.62915
,,,,953,Stone,,Unknown,-1.97198,50.62862
,,,,954,Stone,,Unknown,-1.97024,50.62939
,,,,955,Stone,,Unknown,-1.97004,50.62963
,,,,956,Stone,,Unknown,-1.97129,50.62929
,,,,957,Stone,,Unknown,-1.9711,50.62952
,,,,958,Stone,,Unknown,-1.97091,50.62974
,,,,959,Stone,,Unknown,-1.96984,50.62989
,,,,960,Stone,,Unknown,-1.97071,50.62998
,,,,961,Stone,,Unknown,-1.96965,50.63013
,,,,962,Stone,,Unknown,-1.96947,50.63038
,,,,963,Stone,,Unknown,-1.97034,50.63044
,,,,964,Stone,,Unknown,-1.97053,50.63021
,,,,965,Stone,,Unknown,-1.96933,50.63062
,,,,966,Stone,,Unknown,-1.9692,50.63087
,,,,967,Stone,,Unknown,-1.96908,50.63111
,,,,968,Stone,,Unknown,-1.96895,50.63137
,,,,969,Stone,,Unknown,-1.96936,50.63142
,,,,970,Stone,,Unknown,-1.96993,50.63119
,,,,971,Stone,,Unknown,-1.97004,50.63095
,,,,972,Stone,,Unknown,-1.97017,50.6307
,,,,973,Stone seat,,Unknown,-1.95402,50.63148
,,,,974,Stone,,Unknown,-1.9678,50.63278
,,,,975,Stone,,Sarsen,-2.08342,50.79231
,,,,976,Stone,,Sarsen,-2.08948,50.79067
,,,,977,Stone,,Sarsen,-2.09016,50.79125
,,,,978,Stone,,Sarsen,-2.11276,50.79082
,,,,979,Stone,,Sarsen,-2.11361,50.79068
,,,,980,Cromlech,Chambered Long Barrow?,Sarsen,-2.63764,50.72423
,,,,981,Stone,,Sarsen,-2.53833,50.68953
,,,,982,Stone,,Sarsen,-2.53854,50.69014
,,,,983,Stone,,Sarsen,-2.60967,50.71999
,,,,984,Stone,,Sarsen,-2.62539,50.72689
Deverel Barrow,,,,985,Stone,,Sarsen,-2.25684,50.79028
,,,,986,Stone,,Heathstone,-2.11078,50.70813
,,,,987,Stone,,Heathstone,-2.10295,50.70701
,,,,988,Stone,,Heathstone,-2.1024,50.70787
,,,,989,Stone,,Heathstone,-2.10186,50.70873
,,,,990,Stone,,Heathstone,-2.10189,50.71061
,,,,991,Stone,,Heathstone,-2.10131,50.71199
,,,,992,Stone,,Heathstone,-2.10068,50.7134
,,,,993,Stone,,Heathstone,-2.10015,50.7142
,,,,994,Stone,,Heathstone,-2.10005,50.71456
Wareham,,,,995,Stone,,Heathstone,-2.08805,50.70949
Wareham,,,,996,Stone,,Heathstone,-2.10705,50.70103
,,,,997,Stone,,Heathstone,-2.11447,50.66659
,,,,998,Stone,,Heathstone,-2.12266,50.66794
,,,,999,Stone,,Heathstone,-2.0633,50.66891
,,,,1000,Stone,,Heathstone,-2.05468,50.65582
,,,,1001,Stone,,Heathstone,-2.05438,50.65534
,,,,1002,Stone,,Heathstone,-2.05407,50.65477
,,,,1003,Stone,,Heathstone,-2.05231,50.65456
,,,,1004,Stone,,Heathstone,-2.05516,50.65569
,,,,1005,Stone,,Heathstone,-2.05091,50.6556
,,,,1006,Stone,,Heathstone,-2.05095,50.65645
,,,,1007,Stone,,Heathstone,-2.04962,50.65712
,,,,1008,Stone,,Heathstone,-2.04874,50.65724
,,,,1009,Stone,,Heathstone,-2.04973,50.65778
,,,,1010,Stone,,Heathstone,-2.05531,50.65844
,,,,1011,Stone,,Heathstone,-2.04957,50.65581
,,,,1012,Stone,,Heathstone,-2.04991,50.65593
,,,,1013,Stone,,Heathstone,-2.05876,50.75255
,,,,1014,Stone,,Heathstone,-2.05856,50.75286
,,,,1015,Stone,,Heathstone,-2.05845,50.75364
,,,,1016,Stone,,Heathstone,-2.05833,50.75415
,,,,1017,Stone,,Heathstone,-2.05827,50.75435
,,,,1018,Stone,,Heathstone,-2.05809,50.75486
,,,,1019,Stone,,Heathstone,-2.05786,50.75518
,,,,1020,Stone,,Heathstone,-2.05542,50.75605
,,,,1021,Stone,,Heathstone,-2.0507,50.75305
Wareham,,,,1022,Stone,,Heathstone,-2.10751,50.70111
,,,,1023,Stone,,Unknown,-2.08998,50.60391
,,,,1024,Stone,,Unknown,-2.08356,50.6001
,,,,1025,Stone,,Unknown,-2.081,50.59662
,,,,1026,Stone,,Unknown,-2.08132,50.59573
,,,,1027,Stone,,Unknown,-2.08021,50.59932
,,,,1028,Stone,,Unknown,-2.08883,50.60061
,,,,1029,Stone,,Unknown,-2.08681,50.60219
,,,,1030,Stone,,Unknown,-2.11311,50.60714
,,,,1031,Stone,,Sarsen,-2.25116,50.64708
Limekiln Crags,,,,1032,Stone,Landslip,Upper Greensand,-2.60589,50.67261
Limekiln Crags,,,,1033,Stone,Landslip,Upper Greensand,-2.59339,50.67111
Limekiln Crags,,,,1034,Stone,Landslip,Upper Greensand,-2.59074,50.67051
Limekiln Crags,,,,1035,Stone,Landslip,Upper Greensand,-2.5865,50.66988
Hampton Barrn,,,,1036,Stone,,Sarsen,-2.57285,50.68011
Hampton Barn,,,,1037,Stone,,Sarsen,-2.57276,50.68011
Hampton Down Stone Circle,,,,1038,Stone circle,,Sarsen,-2.57305,50.67677
Hampton Down Stone Circle,,,,1039,Stone circle,,Sarsen,-2.57302,50.67676
Hampton Down Stone Circle,,,,1040,Stone circle,,Sarsen,-2.573,50.67675
Hampton Down Stone Circle,,,,1041,Stone circle,,Sarsen,-2.57298,50.67676
Hampton Down Stone Circle,,,,1042,Stone circle,,Sarsen,-2.57297,50.67677
Hampton Down Stone Circle,,,,1043,Stone circle,,Sarsen,-2.57297,50.67682
Hampton Down Stone Circle,,,,1044,Stone circle,,Sarsen,-2.57299,50.67683
Hampton Down Stone Circle,,,,1045,Stone circle,,Sarsen,-2.57304,50.67681
East Shivinghamton,,,,1046,Stone,"Omington Oolite? limestone, marking limit of shallow quarrying",Corallian Limestone,-2.52836,50.65555
Limekiln Crags,,,,1047,Stone,,Upper Greensand,-2.5833,50.67089
,,,,1048,Stone,,Heathstone,-2.05912,50.77781
,,,,1049,Stone,,Heathstone,-2.05992,50.77628
,,,,1050,Stone,,Heathstone,-2.05762,50.77213
,,,,1051,Stone,,Sarsen,-2.37126,50.79501
,,,,1052,Stone,,Sarsen,-2.62016,50.73977
,,,,1053,Stone,,Sarsen,-2.62012,50.73966
,,,,1054,Stone,,Sarsen,-2.62008,50.73954
,,,,1055,Stone,,Sarsen,-2.21714,50.6513
,,,,1056,Stone,,Sarsen,-2.35908,50.63432
,,,,1057,Stone,,Unknown,-2.4721,50.58579
,,,,1058,Stone,,Unknown,-2.47201,50.58555
,,,,1059,Stone,,Unknown,-2.4448,50.56782
,,,,1060,Stone,,Unknown,-2.44476,50.56777
,,,,1061,Stone,,Unknown,-2.44468,50.5677
,,,,1062,Stone,,Unknown,-2.44459,50.56756
,,,,1063,Stone,,Unknown,-2.44452,50.56749
,,,,1064,Stone,,Unknown,-2.44441,50.56739
,,,,1065,Stone,,Unknown,-2.44491,50.56505
,,,,1066,Stone,,Unknown,-2.44478,50.56524
,,,,1067,Stone,,Unknown,-2.44561,50.56462
,,,,1068,Stone,,Unknown,-2.44364,50.56607
,,,,1069,Stone,,Unknown,-2.4424,50.56471
,,,,1070,Stone,,Unknown,-2.44204,50.56437
,,,,1071,Stone,,Unknown,-2.44085,50.56481
,,,,1072,Stone,,Unknown,-2.44157,50.56356
,,,,1073,Stone,,Unknown,-2.4414,50.56365
,,,,1074,Stone,,Unknown,-2.44064,50.5638
,,,,1075,Stone,,Unknown,-2.43995,50.56379
,,,,1076,Stone,,Unknown,-2.44176,50.56404
,,,,1077,Stone,,Unknown,-2.44645,50.56446
,,,,1078,Stone,,Unknown,-2.44668,50.56303
,,,,1079,Stone,,Unknown,-2.44109,50.56301
,,,,1080,Stone,,Unknown,-2.44076,50.56095
,,,,1081,Stone,,Unknown,-2.43609,50.55952
,,,,1082,Stone,,Unknown,-2.43363,50.55682
,,,,1083,Stone,,Unknown,-2.43337,50.5564
,,,,1084,Stone,,Unknown,-2.43376,50.55724
,,,,1085,Stone,,Unknown,-2.44216,50.55121
,,,,1086,Stone,,Unknown,-2.44206,50.55134
,,,,1087,Stone,,Unknown,-2.4419,50.5522
,,,,1088,Stone,,Unknown,-2.44685,50.55314
,,,,1089,Stone,,Unknown,-2.44669,50.55338
,,,,1090,Stone,,Unknown,-2.44681,50.55351
,,,,1091,Stone,,Unknown,-2.4468,50.55345
,,,,1092,Stone,,Unknown,-2.44679,50.5534
,,,,1093,Stone,,Unknown,-2.4469,50.55292
,,,,1094,Stone,,Unknown,-2.44695,50.55274
,,,,1095,Stone,,Unknown,-2.44832,50.54759
,,,,1096,Stone,,Unknown,-2.45477,50.52948
,,,,1097,Stone,,Unknown,-2.45409,50.52917
,,,,1098,Stone,,Unknown,-2.45305,50.52893
,,,,1099,Stone,,Unknown,-2.45274,50.52903
,,,,1100,Stone,,Unknown,-2.45467,50.5266
,,,,1101,Stone,,Unknown,-2.45308,50.52696
,,,,1102,Stone,,Unknown,-2.45276,50.52696
,,,,1103,Stone,,Unknown,-2.45489,50.52578
,,,,1104,Stone,,Unknown,-2.45492,50.52515
,,,,1105,Stone,,Unknown,-2.45533,50.52438
,,,,1106,Stone,,Unknown,-2.45563,50.52389
,,,,1107,Stone,,Unknown,-2.45585,50.52352
,,,,1108,Stone,,Unknown,-2.45609,50.52321
,,,,1109,Stone,,Unknown,-2.45642,50.5224
,,,,1110,Stone,,Unknown,-2.45542,50.52242
,,,,1111,Stone,,Unknown,-2.4554,50.52227
,,,,1112,Stone,,Unknown,-2.45552,50.52223
,,,,1113,Stone,,Unknown,-2.45683,50.52152
,,,,1114,Stone,,Unknown,-2.45756,50.52145
,,,,1115,Stone,,Unknown,-2.45598,50.52151
,,,,1116,Stone,,Unknown,-2.45597,50.52146
,,,,1117,Stone,,Unknown,-2.45596,50.52141
,,,,1118,Stone,,Unknown,-2.45739,50.52118
,,,,1119,Stone,,Unknown,-2.45668,50.52114
,,,,1120,Stone,,Unknown,-2.45733,50.52101
,,,,1121,Stone,,Unknown,-2.45739,50.521
,,,,1122,Stone,,Unknown,-2.45566,50.52061
,,,,1123,Stone,,Unknown,-2.45625,50.52048
,,,,1124,Stone,,Unknown,-2.45545,50.52032
,,,,1125,Stone,,Unknown,-2.45514,50.51988
,,,,1126,Stone,,Unknown,-2.45574,50.5198
,,,,1127,Stone,,Unknown,-2.45607,50.51973
,,,,1128,Stone,,Unknown,-2.45676,50.51954
,,,,1129,Stone,,Unknown,-2.45539,50.51931
,,,,1130,Stone,,Unknown,-2.45482,50.51945
,,,,1131,Stone,,Unknown,-2.45431,50.51939
,,,,1132,Stone,,Unknown,-2.45644,50.51906
,,,,1133,Stone,,Unknown,-2.45773,50.51892
,,,,1134,Stone,,Unknown,-2.45912,50.51899
,,,,1135,Stone,,Unknown,-2.45953,50.51815
,,,,1136,Stone,,Unknown,-2.45958,50.5179
,,,,1137,Stone,,Unknown,-2.45962,50.51779
,,,,1138,Stone,,Unknown,-2.4593,50.51747
,,,,1139,Stone,,Unknown,-2.45964,50.51746
,,,,1140,Stone,,Unknown,-2.45964,50.51742
,,,,1141,Stone,,Unknown,-2.45891,50.51678
,,,,1142,Stone,,Unknown,-2.45939,50.51671
,,,,1143,Stone,,Unknown,-2.45939,50.51668
,,,,1144,Stone,,Unknown,-2.45032,50.5282
,,,,1145,Stone,,Unknown,-2.45106,50.52247
,,,,1146,Stone,,Unknown,-2.45091,50.52166
,,,,1147,Stone,,Unknown,-2.4509,50.52161
,,,,1148,Stone,,Unknown,-2.44678,50.51937
,,,,1149,Stone,,Unknown,-2.44472,50.52
,,,,1150,Stone,,Unknown,-2.44392,50.52038
,,,,1151,Stone,,Unknown,-2.44342,50.52078
,,,,1152,Stone,,Unknown,-2.44311,50.52096
,,,,1153,Stone,,Unknown,-2.44204,50.52327
,,,,1154,Stone,,Unknown,-2.44284,50.52195
,,,,1155,Stone,,Unknown,-2.44291,50.52153
,,,,1156,Stone,,Unknown,-2.44406,50.52565
,,,,1157,Stone,,Unknown,-2.44414,50.52568
,,,,1158,Stone,,Unknown,-2.44339,50.52688
,,,,1159,Stone,,Unknown,-2.44351,50.52689
,,,,1160,Stone,,Unknown,-2.42901,50.53796
,,,,1161,Stone,,Unknown,-2.43598,50.53895
,,,,1162,Stone,,Unknown,-2.43563,50.53893
,,,,1163,Stone,,Unknown,-2.43603,50.53877
,,,,1164,Stone,,Unknown,-2.43568,50.53874
,,,,1165,Stone,,Unknown,-2.43573,50.53855
,,,,1166,Stone,,Unknown,-2.43609,50.53858
,,,,1167,Stone,,Unknown,-2.43578,50.53836
,,,,1168,Stone,,Unknown,-2.43613,50.53839
,,,,1169,Stone,,Unknown,-2.43585,50.53816
,,,,1170,Stone,,Unknown,-2.43618,50.53821
,,,,1171,Stone,,Unknown,-2.43591,50.53798
,,,,1172,Stone,,Unknown,-2.43623,50.538
,,,,1173,Stone,,Unknown,-2.436,50.53777
,,,,1174,Stone,,Unknown,-2.43632,50.53781
,,,,1175,Stone,,Unknown,-2.43607,50.53758
,,,,1176,Stone,,Unknown,-2.4364,50.53761
,,,,1177,Stone,,Unknown,-2.43613,50.5374
,,,,1178,Stone,,Unknown,-2.43647,50.53741
,,,,1179,Stone,,Unknown,-2.42108,50.54521
,,,,1180,Stone,,Unknown,-2.4364,50.55
,,,,1181,Stone,,Unknown,-2.43616,50.54872
Range,,,,1182,Stone,,Unknown,-2.42486,50.55671
Range,,,,1183,Stone,,Unknown,-2.42467,50.55673
Range,,,,1184,Stone,,Sarsen,-2.42382,50.55611
,,,,1185,Stone,,Unknown,-2.42391,50.55607
Range,,,,1186,Stone,,Unknown,-2.42348,50.55528
Range,,,,1187,Stone,,Unknown,-2.42316,50.55539
Range,,,,1188,Stone,,Unknown,-2.4224,50.55472
Range,,,,1189,Stone,,Unknown,-2.42271,50.55458
,,,,1190,Stone,,Unknown,-2.43499,50.5667
,,,,1191,Stone,,Unknown,-2.43254,50.56607
,,,,1192,Stone,,Unknown,-2.43758,50.56749
,,,,1193,Stone,,Unknown,-2.43195,50.56399
,,,,1194,Stone,,Unknown,-2.42498,50.55474
,,,,1195,Stone,,Unknown,-2.45436,50.53209
,,,,1196,Stone,,Unknown,-2.43036,50.54797
,,,,1197,Stone,,Unknown,-2.43035,50.54715
,,,,1198,Stone,,Unknown,-2.43083,50.54724
,,,,1199,Stone,,Unknown,-2.42603,50.54577
,,,,1200,Stone,,Unknown,-2.42586,50.54629
Rifle range,,,,1201,Stone,,Unknown,-2.46864,50.57547
Rifle range,,,,1202,Stone,,Unknown,-2.46952,50.57606
Rifle range,,,,1203,Stone,,Unknown,-2.46995,50.57635
Rifle range,,,,1204,Stone,,Unknown,-2.47042,50.57664
Rifle range,,,,1205,Stone,,Unknown,-2.47085,50.57693
Rifle range,,,,1206,Stone,,Unknown,-2.47127,50.57723
Rifle range,,,,1207,Stone,,Unknown,-2.47172,50.57753
Rifle range,,,,1208,Stone,,Unknown,-2.47217,50.57783
Rifle range,,,,1209,Stone,,Unknown,-2.47262,50.57813
Rifle range,,,,1210,Stone,,Unknown,-2.47308,50.57842
Rifle range,,,,1211,Stone,,Unknown,-2.47352,50.57871
Rifle range,,,,1212,Stone,,Unknown,-2.47398,50.579
Rifle range,,,,1213,Stone,,Unknown,-2.4744,50.57928
Rifle range,,,,1214,Stone,,Unknown,-2.46908,50.57576
Rifle range,,,,1215,Stone,,Unknown,-2.4682,50.57514
Rifle range,,,,1216,Stone,,Unknown,-2.46808,50.57521
,,,,1217,Stone,,Sarsen,-2.69982,50.85491
,,,,1218,Stone,,Sarsen,-2.69976,50.85488
,,,,1219,Stone,,Sarsen,-2.70027,50.85476
,,,,1220,Stone,,Sarsen,-2.69999,50.85488
,,,,1221,Stone,,Sarsen,-2.69999,50.85499
,,,,1222,Stone,,Sarsen,-2.70001,50.85512
Bracket's Coppice,,,,1223,Stone,,Sarsen,-2.69981,50.85495
Bracket's Coppice,,,,1224,Stone,,Sarsen,-2.70128,50.85523
Bracket's Coppice,,,,1225,Stone,,Sarsen,-2.70105,50.85463
Bracket's Coppice,,,,1226,Stone,,Sarsen,-2.7001,50.85541
Bracket's Coppice,,,,1227,Stone,,Sarsen,-2.69971,50.85508
Bracket's Coppice,,,,1228,Stone,,Sarsen,-2.6998,50.85519
Bracket's Coppice,,,,1229,Stone,,Sarsen,-2.69983,50.85516
Bracket's Coppice,,,,1230,Stone,,Sarsen,-2.69975,50.85498
Bracket's Coppice,,,,1231,Stone,,Sarsen,-2.69971,50.85517
Bracket's Coppice,,,,1232,Stone,,Sarsen,-2.69975,50.85515
Bracket's Coppice,,,,1233,Stone,,Sarsen,-2.69968,50.85512
Bracket's Coppice,,,,1234,Stone,,Sarsen,-2.69965,50.85518
Bracket's Coppice,,,,1235,Stone,,Sarsen,-2.69964,50.85519
Bracket's Coppice,,,,1236,Stone,,Sarsen,-2.69969,50.85536
Bracket's Coppice,,,,1237,Stone,,Sarsen,-2.69967,50.85536
Bracket's Coppice,,,,1238,Stone,,Sarsen,-2.69963,50.85513
Bracket's Coppice,,,,1239,Stone,,Sarsen,-2.69956,50.85515
Bracket's Coppice,,,,1240,Stone,,Sarsen,-2.69921,50.85515
Bracket's Coppice,,,,1241,Stone,,Sarsen,-2.69907,50.85479
Bracket's Coppice,,,,1242,Stone,,Sarsen,-2.69866,50.8559
Bracket's Coppice,,,,1243,Tufa,,Tufa in stream,-2.6982,50.85507
,,,,1244,Stone,,Sarsen,-2.22741,50.94022
,,,,1245,Stone,,Sarsen,-2.22774,50.9385
,,,,1246,Stone,,Heathstone,-1.9708,50.64794
,,,,1247,5 Stones,Possible chambered long barrow BHO,Sarsen,-2.24281,50.77451
Dead Woman's Stone,,,,1248,Stone,,Heathstone,-2.25354,50.72405
,,,,1249,Stone,"Harpstone, limestone",Unknown,-2.11215,50.62487
,,,,1250,Stone,Mere stone BHO,Purbeck Limestone,-1.9606,50.59682
,,,,1251,Stone,Mere stone BHO,Purbeck Limestone,-1.96091,50.59659
,,,,1252,Stone,Mere stone BHO,Purbeck Limestone,-1.96152,50.59652
,,,,1253,Stone,Mere stone BHO,Purbeck Limestone,-1.96182,50.59648
,,,,1254,Stone,Mere stone BHO,Purbeck Limestone,-1.96024,50.59494
,,,,1255,Stone,Mere stone BHO,Purbeck Limestone,-1.95992,50.59454
Labour-in-Vain,,,,1256,Stone,Landslipped Forest Marble or Upper Greensand?,Upper Greensand,-2.65213,50.67061
,,,,1257,Standing Stone,"Local limestone, landslip BHO",Upper Greensand or Beacon Limestone?,-2.84746,50.80153
,,,,1258,Stone,,Unknown,-2.09445,50.60583
,,,,1259,Stone,,Unknown,-2.09134,50.60896
,,,,1260,Stone,,Sarsen,-2.4555,50.65154
,,,,1261,Stone,,Sarsen,-2.4571,50.65178
,,,,1262,Stone,,Sarsen,-2.45995,50.65182
Portesham,,,,1263,Stone,,Sarsen,-2.56841,50.6692
Portesham,,,,1264,Stone,,Sarsen,-2.56848,50.6692
,,,,1265,Stone,,Heathstone,-1.98764,50.63574
,,,,1266,Stone,,Heathstone,-1.9764,50.63885
,,,,1267,Stone,,Heathstone,-1.98503,50.6405
,,,,1268,Stone,,Unknown,-1.97376,50.62922
Waddon,,,,1269,Stone,,Portland Sand,-2.5389,50.67105
Waddon,,,,1270,Stone,,Portland Sand,-2.53883,50.67103
Waddon,,,,1271,Stone,,Portland Sand,-2.53879,50.67102
Winterborne Abbas,,,,1272,Stone,,Sarsen,-2.53669,50.71058
Winterborne Abbas,,,,1273,Stone,,Sarsen,-2.5367,50.71061
Winterborne Abbas,,,,1274,Stone,,Sarsen,-2.53673,50.71064
,,,,1275,Stone,,Unknown,-2.30777,50.62935
Portesham Hill,,,,1276,Stone,,Sarsen,-2.56185,50.6818
Winterborne Steepleton,,,,1277,Cromlech,,Sarsen,-2.54789,50.70547
Winterborne Steepleton,,,,1278,Cromlech,Chambered Long Barrow,Sarsen,-2.54785,50.70546
"St Peter & St Paul, Toller Porcorum",,,,1279,Stone,Visible on Google Street View,Sarsen,-2.62208,50.77979
"St Peter & St Paul, Toller Porcorum",,,,1280,Stone,Visible on Google Street View,Sarsen,-2.62207,50.77976
,,,,1281,Stone,,Heathstone,-2.13807,50.71062
,,,,1282,Stone,,Heathstone,-2.13873,50.70801
,,,,1283,Stone,,Heathstone,-2.13906,50.70669
,,,,1284,Stone,,Heathstone,-2.13866,50.70491
,,,,1285,Stone,,Heathstone,-2.13697,50.69162
,,,,1286,Stone,,Heathstone,-2.13663,50.69343
,,,,1287,Stone,,Heathstone,-2.13676,50.69477
,,,,1288,Stone,,Heathstone,-2.13739,50.70052
,,,,1289,Stone,,Heathstone,-2.1492,50.70552
,,,,1290,Stone,,Heathstone,-2.14711,50.69341
,,,,1291,Stone,,Heathstone,-2.14706,50.69259
,,,,1292,Stone,,Heathstone,-2.11511,50.72811
,,,,1293,Stone,,Heathstone,-2.11486,50.72191
,,,,1294,Stone,,Heathstone,-2.11354,50.71527
,,,,1295,Stone,,Heathstone,-2.11249,50.71105
,,,,1296,Stone,,Heathstone,-2.10881,50.70418
,,,,1297,Stone,,Heathstone,-2.05059,50.76235
,,,,1298,Stone,,Heathstone,-2.07377,50.67745
,,,,1299,Stone,,Heathstone,-2.06934,50.66636
,,,,1300,Stone,,Heathstone,-2.06918,50.6691
,,,,1301,Stone,,Heathstone,-2.05718,50.65285
,,,,1302,Stone,,Heathstone,-2.05597,50.66084
,,,,1303,Stone,,Unknown,-2.09668,50.64051
,,,,1304,Stone,,Unknown,-2.09909,50.64038
,,,,1305,Stone,,Unknown,-2.10288,50.63997
,,,,1306,Stone,,Unknown,-2.08569,50.61005
,,,,1307,Stone,,Unknown,-2.08671,50.60946
,,,,1308,Stone,,Unknown,-2.08785,50.60838
,,,,1309,Stone,,Unknown,-2.0907,50.60776
,,,,1310,Stone,,Unknown,-2.47331,50.58601
,,,,1311,Stone,,Unknown,-2.47401,50.58587
,,,,1312,Stone,,Unknown,-2.42898,50.5391
,,,,1313,Stone,,Unknown,-2.42894,50.53904
,,,,1314,Stone,,Unknown,-2.44214,50.55181
,,,,1315,Stone,,Unknown,-2.44625,50.55374
,,,,1316,Stone,,Unknown,-2.44613,50.55377
,,,,1317,Stone,,Unknown,-2.4461,50.55372
,,,,1318,Stone,,Unknown,-2.42888,50.54915
,,,,1319,Stone,,Unknown,-2.42843,50.54923
,,,,1320,Stone,,Unknown,-2.42807,50.54929
,,,,1321,Stone,,Unknown,-2.42774,50.54934
,,,,1322,Stone,,Unknown,-2.42735,50.54941
,,,,1323,Stone,Mere stone?,Unknown,-2.17879,50.87319
,,,,1324,Stone,Mere stone?,Unknown,-2.17795,50.87439
,,,,1325,Stone,Mere stone?,Unknown,-2.17474,50.87765
,,,,1326,Stone,Mere stone?,Unknown,-2.17127,50.8701
,,,,1327,Stone,,Heathstone,-1.87077,50.78641
,,,,1328,Stone,,Heathstone,-1.87023,50.79412
,,,,1329,Stone,,Heathstone,-1.87094,50.79435
,,,,1330,Stone,,Heathstone,-1.86744,50.79495
,,,,1331,Stone,,Heathstone,-1.87486,50.81765
,,,,1332,Stone,,Heathstone,-1.87313,50.82463
,,,,1333,Stone,,Heathstone,-1.88756,50.82569
,,,,1334,Stone,,Heathstone,-1.8813,50.82947
,,,,1335,Stone,,Heathstone,-1.88232,50.83106
,,,,1336,Stone,,Heathstone,-1.87321,50.83672
,,,,1337,Stone,,Heathstone,-1.88067,50.82564
,,,,1338,Stone,,Heathstone,-1.88061,50.82566
,,,,1339,Stone,,Heathstone,-1.88376,50.83831
,,,,1340,Stone,,Heathstone,-1.87111,50.83398
,,,,1341,Stone,,Heathstone,-1.8638,50.83376
,,,,1342,Stone,,Heathstone,-1.88035,50.82659
,,,,1343,Stone,,Heathstone,-1.87875,50.82633
,,,,1344,Stone,,Heathstone,-1.87874,50.82631
,,,,1345,Stone,,Heathstone,-1.87187,50.83244
,,,,1346,Stone,,Heathstone,-1.87572,50.82798
,,,,1347,Stone,,Heathstone,-1.87628,50.82872
,,,,1348,Stone,,Heathstone,-1.86943,50.83
,,,,1349,Stone,,Heathstone,-1.8678,50.83028
,,,,1350,Stone,,Heathstone,-1.90432,50.84494
,,,,1351,Stone,,Heathstone,-1.90349,50.8448
,,,,1352,Stonr,,Heathstone,-1.91409,50.89752
,,,,1353,Stone,,Heathstone,-1.91729,50.89813
,,,,1354,Stone,,Heathstone,-1.92926,50.9015
,,,,1355,Stone,,Heathstone,-1.92107,50.89848
,,,,1356,Stone,,Unknown,-2.1156,50.96245
,,,,1357,Stone,,Unknown,-2.11035,50.96278
,,,,1358,Stone,,Heathstone,-1.8557,50.86782
,,,,1359,Stone,,Heathstone,-1.85583,50.8677
,,,,1360,Stone,,Heathstone,-1.85687,50.87999
,,,,1361,Stone,,Heathstone,-1.85241,50.86982
,,,,1362,Stone,,Heathstone,-1.86856,50.86952
,,,,1363,Stone,,Heathstone,-1.86961,50.86892
,,,,1364,Stone,,Heathstone,-1.87015,50.86862
,,,,1365,Stone,,Unknown,-2.16669,50.8522
,,,,1366,Stone,,Unknown,-2.16358,50.85447
,,,,1367,Stone,,Unknown,-2.1711,50.8671
,,,,1368,Stone,,Unknown,-2.16968,50.86446
,,,,1369,Stone,,Heathstone,-1.92269,50.91769
,,,,1370,Stone,,Heathstone,-1.9188,50.918
,,,,1371,Stone,,Heathstone,-1.93453,50.91588
,,,,1372,Stone,,Heathstone,-1.93498,50.91526
,,,,1373,Stone,,Heathstone,-1.93231,50.91467
,,,,1374,Stone,,Heathstone,-1.92946,50.91377
,,,,1375,Stone,,Heathstone,-1.9255,50.91206
,,,,1376,Stone,,Heathstone,-1.92067,50.91208
,,,,1377,Stone,,Heathstone,-1.94682,50.92481
,,,,1378,Stone,,Heathstone,-1.94632,50.92359
,,,,1379,Stone,,Heathstone,-1.93011,50.91158
,,,,1380,Stone,,Heathstone,-1.91952,50.91122
,,,,1381,Stone,,Heathstone,-1.91691,50.91403
,,,,1382,Stone,,Heathstone,-1.90739,50.90936
,,,,1383,Stone,,Heathstone,-1.90793,50.90976
,,,,1384,Stone,,Heathstone,-1.90666,50.90916
,,,,1385,Stone,,Heathstone,-1.90594,50.90896
,,,,1386,Stone,,Unknown,-1.96211,50.99143
,,,,1387,Stone,,Unknown,-1.96201,50.9831
,,,,1388,Stone,,Unknown,-1.96201,50.98307
,,,,1389,Stone,,Unknown,-1.96133,50.97426
,,,,1390,Stone,,Unknown,-1.96101,50.97419
,,,,1391,Stone,,Unknown,-1.96034,50.9744
,,,,1392,Stone,,Unknown,-1.90923,50.94558
,,,,1393,Stone,,Unknown,-1.89838,50.93576
,,,,1394,Stone,,Unknown,-1.89271,50.93166
,,,,1395,Stone,,Unknown,-1.87369,50.91756
,,,,1396,Stone,,Unknown,-1.85859,50.92252
,,,,1397,Stone,,Unknown,-1.86242,50.92002
,,,,1398,Stone,,Unknown,-1.83104,50.92823
,,,,1399,Stone,,Heathstone,-1.86174,50.86479
,,,,1400,Stone,,Heathstone,-1.86173,50.86402
,,,,1401,Stone,,Unknown,-1.82383,50.93245
,,,,1402,Stone,,Unknown,-1.82692,50.93432
,,,,1403,Stone,,Unknown,-1.82929,50.9357
Devil's Stone,,,,1404,Stone,,Sarsen,-3.04605,50.95615
,,,,1405,Stone,,Sarsen,-3.05324,50.9686
Shoreditch,,,,1406,Stone,,Sarsen,-3.07881,50.99407
,,,,1407,Stone,,Sarsen,-3.02657,50.94447
Salcombe Hill,,,,1408,Stone,,Sarsen,-3.21984,50.68266
Salcombe Hill,,,,1409,Stone,,Sarsen,-3.21627,50.68431
Salcombe Hill,,,,1410,Stone,,Sarsen,-3.21541,50.68874
Salcome Hill,,,,1411,Stone,,Sarsen,-3.21537,50.68905
Salcombe Hill,,,,1412,Stone,,Sarsen,-3.21533,50.68913
Salcombe Hill,,,,1413,Stone,,Sarsen,-3.21483,50.68942
Salcombe Hill,,,,1414,Standing Stone,,Sarsen,-3.21635,50.6902
,,,,1415,Stone,,Sarsen,-3.20681,50.69544
Mutter's Moor,,,,1416,Stone,,Sarsen,-3.26812,50.69044
Mutter's Moor,,,,1417,Stone,,Sarsen,-3.2612,50.6777
Mutter's Moor,,,,1418,Stone,,Sarsen,-3.26301,50.68243
Mutter's Moor,,,,1419,Stone,,Sarsen,-3.26511,50.68441
"Seven Stones, site of",,,,1420,Stone circle,,Sarsen,-3.26484,50.68386
Staple Fitzpaine,,,,1421,Standing stones,Somerset HER 43556,Sarsen,-3.03491,50.95902
Salcombe Hill,,,,1422,Stone,,Sarsen,-3.21658551692963,50.6850050559081
Salcombe Hill,,,,1423,Stone,,Sarsen,-3.22242736816406,50.686121550419
Salcombe Hill,,,,1424,Stone,,Sarsen,-3.22216182947159,50.6860552752309
Salcombe Hill,,,,1425,Stone,,Sarsen,-3.22176486253738,50.6860680204667
Shebbear,,,,1426,Stone,,Sarsen,-4.21973168849945,50.8615219887387
Kimmeridge,,,,1427,Stone,,Unknown,-2.10865,50.61440
Kimmeridge,,,,1428,Stone,,Unknown,-2.10592,50.60982
Kimmeridge,,,,1429,Stone,,Unknown,-2.114545,50.60252
Kimmeridge,,,,1430,Stone,,Unknown,-2.11194,50.60186
,,,,1427,Stone,,Unknown,-2.42784,50.65772
,,,,1428,Stone,,Unknown,-2.42791,50.65767
,,,,1429,Stone,,Unknown,-2.42777,50.65768
,,,,1430,Stone,,Unknown,-2.53282,50.4035
